timestamp,slot,signature,url
2025-12-03T08:37:41.636Z,384163774,2QQ92Eesj1uGX3My35fQbxYTRxFx4Pp1c5tG4EbJdNSVZ8zZuhiYANKmqZZHfaxCkfoDWvpmqpbVQ3r74wntBszp,https://solscan.io/tx/2QQ92Eesj1uGX3My35fQbxYTRxFx4Pp1c5tG4EbJdNSVZ8zZuhiYANKmqZZHfaxCkfoDWvpmqpbVQ3r74wntBszp
2025-12-03T08:37:43.838Z,384163780,4AGxv8rrnAefFNw9DXYmwRQNSxPxsN84QBMa2LHAMD12WPM76QvqzGCEtWQzpJ4gjZyKpP9MK3ExLqmrgM2ZyPzh,https://solscan.io/tx/4AGxv8rrnAefFNw9DXYmwRQNSxPxsN84QBMa2LHAMD12WPM76QvqzGCEtWQzpJ4gjZyKpP9MK3ExLqmrgM2ZyPzh
2025-12-03T08:37:44.489Z,384163782,5EcURYpn5KvNzfCWP3fwjAVe6gDfkf4JNY2mxdAZnYTmHmbgt2YNa1JH8jcBNQvFTtwtFRVwkq9HLd1yezxUddC8,https://solscan.io/tx/5EcURYpn5KvNzfCWP3fwjAVe6gDfkf4JNY2mxdAZnYTmHmbgt2YNa1JH8jcBNQvFTtwtFRVwkq9HLd1yezxUddC8
2025-12-03T08:37:46.385Z,384163787,5JKxmhfYLTZCSciT4sfQaQEGdH47ypwYKnaJtnMf394zhGBGkv7gZ1uithW9R296fC7nXwgeoqdet4CqW6pYC9Pf,https://solscan.io/tx/5JKxmhfYLTZCSciT4sfQaQEGdH47ypwYKnaJtnMf394zhGBGkv7gZ1uithW9R296fC7nXwgeoqdet4CqW6pYC9Pf
2025-12-03T08:37:46.742Z,384163788,5LeZHYm4DSWNZRz6jaTgxfpLU72XSqvAAJ6zPNX9UaxeEs98oS3TqmDJmAgeweybZ7XyWn4Jdh16oAMtyRFSSH7r,https://solscan.io/tx/5LeZHYm4DSWNZRz6jaTgxfpLU72XSqvAAJ6zPNX9UaxeEs98oS3TqmDJmAgeweybZ7XyWn4Jdh16oAMtyRFSSH7r
2025-12-03T08:37:47.820Z,384163791,2cjzAGrorBQEketg2PydnrvGoFAP6prYma8T3uqocbNzYZdXDar9jVWPrW9f26q3rtuWWXWmvCXe9jX9LX1qmSfE,https://solscan.io/tx/2cjzAGrorBQEketg2PydnrvGoFAP6prYma8T3uqocbNzYZdXDar9jVWPrW9f26q3rtuWWXWmvCXe9jX9LX1qmSfE
2025-12-03T08:37:51.179Z,384163800,4Nv4giq9QCUwD3DKfVEkr4np4yEcetCRU1VKFeKSKnWVXcz9k4A2k7iBmuRvPcyt2rB43rmebij85iXt96EjZLFh,https://solscan.io/tx/4Nv4giq9QCUwD3DKfVEkr4np4yEcetCRU1VKFeKSKnWVXcz9k4A2k7iBmuRvPcyt2rB43rmebij85iXt96EjZLFh
2025-12-03T08:37:53.614Z,384163806,3BH89cATWscwq4VWWzg6UuN26UdABUfUnP9YE7FBz6gEZAi9peMKv9g4HqmBgYMFBkmfEPkS8tZv1nQwZQ6LEoww,https://solscan.io/tx/3BH89cATWscwq4VWWzg6UuN26UdABUfUnP9YE7FBz6gEZAi9peMKv9g4HqmBgYMFBkmfEPkS8tZv1nQwZQ6LEoww
2025-12-03T08:37:53.623Z,384163806,gnzPTcJGKSDva7CJ9wNr2QNmJYXzrgAuvz2uFjTZG8CqZgqdW6PS8bg7i3obW4XuoVHerwa3oQYkEkabZbdVbwf,https://solscan.io/tx/gnzPTcJGKSDva7CJ9wNr2QNmJYXzrgAuvz2uFjTZG8CqZgqdW6PS8bg7i3obW4XuoVHerwa3oQYkEkabZbdVbwf
2025-12-03T08:37:57.368Z,384163815,44XsNS4gJJzcW4rXfWM1Vn88RMTV518HZHToj4Wqg9R6sGwkfcWU6P5bd4oYMi7sLjF6QeLUiNoVQwAk1vFzRnB,https://solscan.io/tx/44XsNS4gJJzcW4rXfWM1Vn88RMTV518HZHToj4Wqg9R6sGwkfcWU6P5bd4oYMi7sLjF6QeLUiNoVQwAk1vFzRnB
2025-12-03T15:59:26.382Z,384231927,3g5TH2Fbp6Xwv2YiB7MeUosxGqEWx9W9q2gYyAtYXMsn6ueMeTSQVMUaJngmtY3sWTMmDMTdwL1boGCBPWWR758B,https://solscan.io/tx/3g5TH2Fbp6Xwv2YiB7MeUosxGqEWx9W9q2gYyAtYXMsn6ueMeTSQVMUaJngmtY3sWTMmDMTdwL1boGCBPWWR758B
2025-12-03T15:59:26.385Z,384231927,4ji27twqRANtoySau7SdwfWnxBpHBjn2rMttPxATjoyMRGfdq6RDeFM9ktsBcR2cyqyk3mFeHWL4JjzoCWZYyZzi,https://solscan.io/tx/4ji27twqRANtoySau7SdwfWnxBpHBjn2rMttPxATjoyMRGfdq6RDeFM9ktsBcR2cyqyk3mFeHWL4JjzoCWZYyZzi
2025-12-03T15:59:26.387Z,384231927,4XhZEiffhVoCHyGFr6MC3MoLmMAwTpGeYPNgvm2M4s9LTj1o7acdBeioGsME8fKwcMBftvKv1EYPYt8RyvxRMQW2,https://solscan.io/tx/4XhZEiffhVoCHyGFr6MC3MoLmMAwTpGeYPNgvm2M4s9LTj1o7acdBeioGsME8fKwcMBftvKv1EYPYt8RyvxRMQW2
2025-12-03T15:59:26.388Z,384231927,5fsjRHBoM1Lsq1m2c3FZNZYyUAgxguoJArkPBWM94cApuMKq79C2Yj3WC8u4VHvs1qCTjM9JhD9m9xVDNkkKRbKi,https://solscan.io/tx/5fsjRHBoM1Lsq1m2c3FZNZYyUAgxguoJArkPBWM94cApuMKq79C2Yj3WC8u4VHvs1qCTjM9JhD9m9xVDNkkKRbKi
2025-12-03T15:59:26.760Z,384231928,2rDzMcyQoWsqeJCZR9q2gtv2pRSNvD1iLd2SQVNuCRDCpdNXoYLqg8nHSheEas1JjcXZKSVSx2WKwwoDDuLYTgtc,https://solscan.io/tx/2rDzMcyQoWsqeJCZR9q2gtv2pRSNvD1iLd2SQVNuCRDCpdNXoYLqg8nHSheEas1JjcXZKSVSx2WKwwoDDuLYTgtc
2025-12-03T15:59:26.766Z,384231928,3r47jHPGHcaoDNnsohdoppPfGYzasmCaqxfzdV8bVFHbtW7KAUzLEAabB1rHMvkRFqfoXH5cF37xN6BvtA2mB3YC,https://solscan.io/tx/3r47jHPGHcaoDNnsohdoppPfGYzasmCaqxfzdV8bVFHbtW7KAUzLEAabB1rHMvkRFqfoXH5cF37xN6BvtA2mB3YC
2025-12-03T15:59:26.772Z,384231928,3YUiHZAeUvwTEbrzFrfZM2nUTVf9iMNipaA9LMBBMqVu1XQegnQLESyYSrQ27AMEdE12VLajW2rtUaFKhcMGxmh1,https://solscan.io/tx/3YUiHZAeUvwTEbrzFrfZM2nUTVf9iMNipaA9LMBBMqVu1XQegnQLESyYSrQ27AMEdE12VLajW2rtUaFKhcMGxmh1
2025-12-03T15:59:26.775Z,384231928,2fXxeHfoVebLQLojjCGRPsmaTMHA43Zg8uQAdm9e4qi8wpu6Uy1RCNPd5F6Uv8FNJUkvCo8CBFEH8oLidZFGtw4M,https://solscan.io/tx/2fXxeHfoVebLQLojjCGRPsmaTMHA43Zg8uQAdm9e4qi8wpu6Uy1RCNPd5F6Uv8FNJUkvCo8CBFEH8oLidZFGtw4M
2025-12-03T15:59:26.778Z,384231928,459URBmY2rn2Pef5RyM5td4GVJgsRHXMikS6NSuZ6TAq7eASdJ2jydBNcFwqHWxBfJMUTrFQgCKyW5XgN7erVRK1,https://solscan.io/tx/459URBmY2rn2Pef5RyM5td4GVJgsRHXMikS6NSuZ6TAq7eASdJ2jydBNcFwqHWxBfJMUTrFQgCKyW5XgN7erVRK1
2025-12-03T15:59:27.114Z,384231929,2FcwNvVvtbDTh6ckvRYCtuYqmnf68JmU4cWj226Y9AENno2gDcVjeaQPyFkraGYRybtHEtLaafxX4v2w8Xzswzpo,https://solscan.io/tx/2FcwNvVvtbDTh6ckvRYCtuYqmnf68JmU4cWj226Y9AENno2gDcVjeaQPyFkraGYRybtHEtLaafxX4v2w8Xzswzpo
2025-12-03T15:59:27.115Z,384231929,349Xau1ResaV1KPC4UmthJ336vh636Lbfg6SshM4JyenkhfabGKWgWbq4fWb5CpRcN41YDY8ak7yXS7khmiejKNw,https://solscan.io/tx/349Xau1ResaV1KPC4UmthJ336vh636Lbfg6SshM4JyenkhfabGKWgWbq4fWb5CpRcN41YDY8ak7yXS7khmiejKNw
2025-12-03T15:59:27.532Z,384231930,4KU8t85EJ3XHb5kqr5icndB2zo832q5D2KuNKjJgDZD1d2VrqdRVc8tD2xVC7hAypdzagvckCPkKr8JhaAN3TYCb,https://solscan.io/tx/4KU8t85EJ3XHb5kqr5icndB2zo832q5D2KuNKjJgDZD1d2VrqdRVc8tD2xVC7hAypdzagvckCPkKr8JhaAN3TYCb
2025-12-03T15:59:27.533Z,384231930,5FebGJLtafZnGScgbHveqR7KY1jthMKPiCb8zHhJ8fmhArT4QUxaTJGBWHHH6EzrHJCJ8uBiki2zDxSJ9Q7Em8gD,https://solscan.io/tx/5FebGJLtafZnGScgbHveqR7KY1jthMKPiCb8zHhJ8fmhArT4QUxaTJGBWHHH6EzrHJCJ8uBiki2zDxSJ9Q7Em8gD
2025-12-03T15:59:27.535Z,384231930,2uyrSaVPtT2BCHqnYAR71sTygN9ekr2LpcvQQCfwLpxsBHCSmA1qAZ352oGMp7nq57edxWX45HrGj2s8t35aj2D5,https://solscan.io/tx/2uyrSaVPtT2BCHqnYAR71sTygN9ekr2LpcvQQCfwLpxsBHCSmA1qAZ352oGMp7nq57edxWX45HrGj2s8t35aj2D5
2025-12-03T15:59:27.536Z,384231930,2jtQY55ZSP4Fn48gguB52EWXNQXRn433hTPBeaREEjPfUdsns3cVXZQWqFzS2hUKuX47kk1ysafWCcUJU8hsmFfs,https://solscan.io/tx/2jtQY55ZSP4Fn48gguB52EWXNQXRn433hTPBeaREEjPfUdsns3cVXZQWqFzS2hUKuX47kk1ysafWCcUJU8hsmFfs
2025-12-03T15:59:27.537Z,384231930,5sr5yxtdjjbZVMyq9K7r4bJUiBbzMyM82r8n3Dn638dnTZaAhYequh4nes5mdYt6Yobakko9ghZyxvcnYyWhynNG,https://solscan.io/tx/5sr5yxtdjjbZVMyq9K7r4bJUiBbzMyM82r8n3Dn638dnTZaAhYequh4nes5mdYt6Yobakko9ghZyxvcnYyWhynNG
2025-12-03T15:59:27.565Z,384231930,Y6WEXARRUdZGzUZTwJEBcaEwZrpfXmpB9c89t9xX9yJmYrCBgCDZTyq7XgFnMU2hGnKH7NVTQaiohpVE546HV4s,https://solscan.io/tx/Y6WEXARRUdZGzUZTwJEBcaEwZrpfXmpB9c89t9xX9yJmYrCBgCDZTyq7XgFnMU2hGnKH7NVTQaiohpVE546HV4s
2025-12-03T15:59:27.567Z,384231930,4dTrg3tfed4yayjnEax2mMDF2owBHky1XAoJQHq6bNufNa4bv1L1WjvbEDwjrBpAYDD8yagSkcRE2w7ABj5z1tFg,https://solscan.io/tx/4dTrg3tfed4yayjnEax2mMDF2owBHky1XAoJQHq6bNufNa4bv1L1WjvbEDwjrBpAYDD8yagSkcRE2w7ABj5z1tFg
2025-12-03T15:59:27.610Z,384231930,8vot6w3MVgoCLPmAuw7Cux9nHmsAabjhcysV7cZPiGDHWx6Si3YW6VmvBeDoyvirzUNEfG5BbC1BfGJJbdv61sP,https://solscan.io/tx/8vot6w3MVgoCLPmAuw7Cux9nHmsAabjhcysV7cZPiGDHWx6Si3YW6VmvBeDoyvirzUNEfG5BbC1BfGJJbdv61sP
2025-12-03T15:59:27.612Z,384231930,29Q3cLZhD1mkcWCaFbdietaLjhzpq8StX9BWRCaQvUipGJ9fodncB5Dda4CHmu8DykZCgWY3U7VmsE4LXyE5qzhF,https://solscan.io/tx/29Q3cLZhD1mkcWCaFbdietaLjhzpq8StX9BWRCaQvUipGJ9fodncB5Dda4CHmu8DykZCgWY3U7VmsE4LXyE5qzhF
2025-12-03T15:59:27.613Z,384231930,5TAndrG6qAaKoBJWSzNEmh1t373J6Abryuo49otJwfokznNBJA7cwTMjMdNCQJx7qyestauoCCv6yByxaByWvEmd,https://solscan.io/tx/5TAndrG6qAaKoBJWSzNEmh1t373J6Abryuo49otJwfokznNBJA7cwTMjMdNCQJx7qyestauoCCv6yByxaByWvEmd
2025-12-03T15:59:27.614Z,384231930,4juJ1CK5zew3FAAEAC7P9LP7yMz1Dx3FSvBQ3GdcFVwPMs1hdqRzXHNJ2JZuRhruHgzkkLTJShHorH7ENMWD1CKE,https://solscan.io/tx/4juJ1CK5zew3FAAEAC7P9LP7yMz1Dx3FSvBQ3GdcFVwPMs1hdqRzXHNJ2JZuRhruHgzkkLTJShHorH7ENMWD1CKE
2025-12-03T15:59:27.616Z,384231930,5qUYr38Hn7cnyAWXH7wY5H2cHXxXq2UWptph5afNx95p4bQ41ZXkwyobXLQ2Z1MQswWCNKcBXp9rVBugrgXpdumi,https://solscan.io/tx/5qUYr38Hn7cnyAWXH7wY5H2cHXxXq2UWptph5afNx95p4bQ41ZXkwyobXLQ2Z1MQswWCNKcBXp9rVBugrgXpdumi
2025-12-03T15:59:27.882Z,384231931,2QPWPkTxrvavMjUCN1gfEe9cLLZJhDAsEdwGUX194mLr5iY8jPi292pAmSoFNeJWFrWzy2XPYYVSLmEtiTqMrTsY,https://solscan.io/tx/2QPWPkTxrvavMjUCN1gfEe9cLLZJhDAsEdwGUX194mLr5iY8jPi292pAmSoFNeJWFrWzy2XPYYVSLmEtiTqMrTsY
2025-12-03T15:59:27.885Z,384231931,2nctoK7ZbDUfTxEN6bkt2jH1U5XQ4GgErp5HPaWTE8V89U2hSwo2pQuVTPjny4ZnTU9iyvYrFJ8EZhRG5U9vCqiy,https://solscan.io/tx/2nctoK7ZbDUfTxEN6bkt2jH1U5XQ4GgErp5HPaWTE8V89U2hSwo2pQuVTPjny4ZnTU9iyvYrFJ8EZhRG5U9vCqiy
2025-12-03T15:59:27.890Z,384231931,3pdSvBiiizXjRGh3k862ryHqPT7Q5VnF1qKJ56fKTg8vd1ZC8oyn2rkxZaNWNEWYroEJ3XBRfAXnT2f8p3ATudjS,https://solscan.io/tx/3pdSvBiiizXjRGh3k862ryHqPT7Q5VnF1qKJ56fKTg8vd1ZC8oyn2rkxZaNWNEWYroEJ3XBRfAXnT2f8p3ATudjS
2025-12-03T15:59:27.895Z,384231931,oxJiArnVUnrjTeUnUjc3zgHHgj615HwNGDjaMFA8iGDoTbrb9AJsgnvXAMewvbkJhSmfmjcNc7avJ4mR8TBSyxe,https://solscan.io/tx/oxJiArnVUnrjTeUnUjc3zgHHgj615HwNGDjaMFA8iGDoTbrb9AJsgnvXAMewvbkJhSmfmjcNc7avJ4mR8TBSyxe
2025-12-03T15:59:27.896Z,384231931,2vd5wJjMBsVYRMk1cXjzWGVCHoEGCGbYLBjp51aj3xtUJmwrGrfxyJLfTeKiQFA4sBGGJ3sn8WYbJ4czmb6ZP6rb,https://solscan.io/tx/2vd5wJjMBsVYRMk1cXjzWGVCHoEGCGbYLBjp51aj3xtUJmwrGrfxyJLfTeKiQFA4sBGGJ3sn8WYbJ4czmb6ZP6rb
2025-12-03T15:59:28.275Z,384231932,3iAsmuPTjTVYQbqAgyh7SAEFoJZvK8zCRj4qjkUkhQv72mAPLWMt2gbQA7oDJNUYqi8wg5jjwRr4jioZvRUCRUwk,https://solscan.io/tx/3iAsmuPTjTVYQbqAgyh7SAEFoJZvK8zCRj4qjkUkhQv72mAPLWMt2gbQA7oDJNUYqi8wg5jjwRr4jioZvRUCRUwk
2025-12-03T15:59:28.285Z,384231932,JrSKZfsPVzcJRTitusjSbxj2BfcZ3ZG74Up6uhyhdYgEopSPYUEFHLyctw87s3ryBJPYct8HkMP5ZoghyKGmtHe,https://solscan.io/tx/JrSKZfsPVzcJRTitusjSbxj2BfcZ3ZG74Up6uhyhdYgEopSPYUEFHLyctw87s3ryBJPYct8HkMP5ZoghyKGmtHe
2025-12-03T15:59:28.286Z,384231932,5Sgte88pgGbK1VRiuAiJmG1DHDpz1LDTugaNPEd969pm5ahJcaXVwNqneLFKyKVZQTPRjxbkAd9hnxwDyA1BvhnA,https://solscan.io/tx/5Sgte88pgGbK1VRiuAiJmG1DHDpz1LDTugaNPEd969pm5ahJcaXVwNqneLFKyKVZQTPRjxbkAd9hnxwDyA1BvhnA
2025-12-03T15:59:28.288Z,384231932,vRxytNCEkATWqzZG8XNXFx3wyEKKjcmEv5KceqemS4xH1QfepThMGS5bQfbyU2zMTff6ALjubPXJTcLfMpydNaS,https://solscan.io/tx/vRxytNCEkATWqzZG8XNXFx3wyEKKjcmEv5KceqemS4xH1QfepThMGS5bQfbyU2zMTff6ALjubPXJTcLfMpydNaS
2025-12-03T15:59:28.291Z,384231932,4ND5wK49ihx7jeKP867WwEevD8Be89fsxgertRG7aSui1pG7XfZHjVRhw5yy5vtSyb9uEKDL1K5JD1FLYdQ7B6RS,https://solscan.io/tx/4ND5wK49ihx7jeKP867WwEevD8Be89fsxgertRG7aSui1pG7XfZHjVRhw5yy5vtSyb9uEKDL1K5JD1FLYdQ7B6RS
2025-12-03T15:59:28.294Z,384231932,4jWsgQXSqiBpVbneRPKCStnvuokC6peNhdBHTxFM8ALWBvpKRLwujksEHmZjak1JLwdnUApdruP5bRYSXvAUk6Xz,https://solscan.io/tx/4jWsgQXSqiBpVbneRPKCStnvuokC6peNhdBHTxFM8ALWBvpKRLwujksEHmZjak1JLwdnUApdruP5bRYSXvAUk6Xz
2025-12-03T15:59:28.298Z,384231932,2yn7JExzs43tT5oJSHRFNDAgLpkak98PEVCPYpcezBDqcyJDGLhcHdkYDs3diJxJavZHcF9sm95dEiX25vLhm1t2,https://solscan.io/tx/2yn7JExzs43tT5oJSHRFNDAgLpkak98PEVCPYpcezBDqcyJDGLhcHdkYDs3diJxJavZHcF9sm95dEiX25vLhm1t2
2025-12-03T15:59:28.624Z,384231933,31qpoo5WJ1Ag2mdcZ13hp45VQH2fHNmnVEw4Q8kWbbw6JZBPAH4WX3m5XaBRpQiDhC3RJPcaGog6q3a58ctVKgpo,https://solscan.io/tx/31qpoo5WJ1Ag2mdcZ13hp45VQH2fHNmnVEw4Q8kWbbw6JZBPAH4WX3m5XaBRpQiDhC3RJPcaGog6q3a58ctVKgpo
2025-12-03T15:59:28.626Z,384231933,3sGNr1THhgHBfTxta52jkxAhYvVGDMwh9eKHk1xQgwvUqV7pcbzmwhfjS36cbSFKhvdbedBQhSCz4xwBBSge8gsu,https://solscan.io/tx/3sGNr1THhgHBfTxta52jkxAhYvVGDMwh9eKHk1xQgwvUqV7pcbzmwhfjS36cbSFKhvdbedBQhSCz4xwBBSge8gsu
2025-12-03T15:59:28.630Z,384231933,4uQWchUgtgf97uf9mPKmgGY7k9ng9WDx52XZC1XE8idWTD23SZQ73NboR3uRndFWTFQZ6KGJJ5qomt4be146crm3,https://solscan.io/tx/4uQWchUgtgf97uf9mPKmgGY7k9ng9WDx52XZC1XE8idWTD23SZQ73NboR3uRndFWTFQZ6KGJJ5qomt4be146crm3
2025-12-03T15:59:28.636Z,384231933,5rJp5FDSxgVyBjVqZD2cQYnNwxCrgRSxsuJxaxTAgX2urYSiXjV5JajKEG7gHAgMR7Wf6ovG8bouzpctdyzFaevc,https://solscan.io/tx/5rJp5FDSxgVyBjVqZD2cQYnNwxCrgRSxsuJxaxTAgX2urYSiXjV5JajKEG7gHAgMR7Wf6ovG8bouzpctdyzFaevc
2025-12-03T15:59:28.638Z,384231933,2jfgoYso5q3KuV5U6sTaUJqGrHCLtuiAJwYdpp8DJTtsJd3MVdCsNTa96tvW9X6ShL5heierG4WezCk6W4e5Dj8J,https://solscan.io/tx/2jfgoYso5q3KuV5U6sTaUJqGrHCLtuiAJwYdpp8DJTtsJd3MVdCsNTa96tvW9X6ShL5heierG4WezCk6W4e5Dj8J
2025-12-03T15:59:28.639Z,384231933,1iT9knUCqA65EZ64SVnhs8K9o1Tg2z9qerv3zSSi2DHxiw1WeDGLTtETTt5CGTYyAAN3qpdbrYx9zR3fmdZWRxj,https://solscan.io/tx/1iT9knUCqA65EZ64SVnhs8K9o1Tg2z9qerv3zSSi2DHxiw1WeDGLTtETTt5CGTYyAAN3qpdbrYx9zR3fmdZWRxj
2025-12-03T15:59:28.641Z,384231933,4dpGYj2UL47FtMP2fo7pu5UkQJyhTF4Aa3o8tdLnm75ycN4CW4tSZifFKd11bNmGpTpJ3AYLAgxj7UhuBN5ea75K,https://solscan.io/tx/4dpGYj2UL47FtMP2fo7pu5UkQJyhTF4Aa3o8tdLnm75ycN4CW4tSZifFKd11bNmGpTpJ3AYLAgxj7UhuBN5ea75K
2025-12-03T15:59:28.642Z,384231933,sjsjsv7tWez4cXMLmLnhLu2X9rhgZkjRGXnut3tv9kqprcxF3Qdpw381SVhdFhbx8w55JmGpBev2h6NXkXrQQ89,https://solscan.io/tx/sjsjsv7tWez4cXMLmLnhLu2X9rhgZkjRGXnut3tv9kqprcxF3Qdpw381SVhdFhbx8w55JmGpBev2h6NXkXrQQ89
2025-12-03T15:59:28.646Z,384231933,5Ty21U5XVwuqcfRQUpa6J3iPgis7i4WHR6DFoVs12rLzSCsFdZCyFyuQMN431uZ3M13NP2TbeYp5tV7EtX6pSjEx,https://solscan.io/tx/5Ty21U5XVwuqcfRQUpa6J3iPgis7i4WHR6DFoVs12rLzSCsFdZCyFyuQMN431uZ3M13NP2TbeYp5tV7EtX6pSjEx
2025-12-03T15:59:28.648Z,384231933,3YXYPFZGTMLJWUp4Ezou19LwcoLxbVLTVKaGRQx8RbFkYrAvGiTsc7a7p9muL8kcV17wYohefK2hjchMcsazNPW,https://solscan.io/tx/3YXYPFZGTMLJWUp4Ezou19LwcoLxbVLTVKaGRQx8RbFkYrAvGiTsc7a7p9muL8kcV17wYohefK2hjchMcsazNPW
2025-12-03T15:59:28.649Z,384231933,5VCe1MykW92mtesqs9rRSm3v6vjr4H4kXnAKZwhXWDF6tzWoV7c1T1b6uB2YfYpzurAit9TZvPWWqXRArY8bbyEn,https://solscan.io/tx/5VCe1MykW92mtesqs9rRSm3v6vjr4H4kXnAKZwhXWDF6tzWoV7c1T1b6uB2YfYpzurAit9TZvPWWqXRArY8bbyEn
2025-12-03T15:59:28.650Z,384231933,55sbPWhMo9iufR4YxXoF4YirmFNjpq3Dgsyi6sks4TBUrs1NEeuAs4Sr87ufZbB6CzqakhAiTVppyBTXSodWMvva,https://solscan.io/tx/55sbPWhMo9iufR4YxXoF4YirmFNjpq3Dgsyi6sks4TBUrs1NEeuAs4Sr87ufZbB6CzqakhAiTVppyBTXSodWMvva
2025-12-03T15:59:28.651Z,384231933,2b5SjmZDCX81GvvYisbiZvRcQQUaJSqdAiMYc3S6Y3NcDHAKzMWitiLXKcPerUF1UDMtusCRxiaR91wm59kYepSd,https://solscan.io/tx/2b5SjmZDCX81GvvYisbiZvRcQQUaJSqdAiMYc3S6Y3NcDHAKzMWitiLXKcPerUF1UDMtusCRxiaR91wm59kYepSd
2025-12-03T15:59:28.989Z,384231934,396wr65LQVih4Nidv2EAcZzQN6EwQvHvqo7er5xsgGCK83nFrkAkhpuTYWVuYUopTpmB1oAYLzAB6vZYqV6wX1K,https://solscan.io/tx/396wr65LQVih4Nidv2EAcZzQN6EwQvHvqo7er5xsgGCK83nFrkAkhpuTYWVuYUopTpmB1oAYLzAB6vZYqV6wX1K
2025-12-03T15:59:28.991Z,384231934,AvcTxi4RetF6YL6Yy5CHDRg84hqWXxSEcrQgVywPk9SmfshCr8uNnT8RheZ9G7Ts86hVfj2Um4dQftQzbYeD7ah,https://solscan.io/tx/AvcTxi4RetF6YL6Yy5CHDRg84hqWXxSEcrQgVywPk9SmfshCr8uNnT8RheZ9G7Ts86hVfj2Um4dQftQzbYeD7ah
2025-12-03T15:59:28.992Z,384231934,23ByboxE4nxgZiEsmDeN9ZgLb8RSS78ez9VbRJkUiaWF9nKKxbcbUd8uW4Wbqc7mgyCi2gnbCiUXhKNKFYTy9f5E,https://solscan.io/tx/23ByboxE4nxgZiEsmDeN9ZgLb8RSS78ez9VbRJkUiaWF9nKKxbcbUd8uW4Wbqc7mgyCi2gnbCiUXhKNKFYTy9f5E
2025-12-03T15:59:29.409Z,384231935,5PCZwEnXyKgcjJYHm276cgtEd3A8TZZ4bjPaP58DAD92eNGf4iv2K1DB1TGL75nnVjBHwTynRz5iKhPk7zyyvrKE,https://solscan.io/tx/5PCZwEnXyKgcjJYHm276cgtEd3A8TZZ4bjPaP58DAD92eNGf4iv2K1DB1TGL75nnVjBHwTynRz5iKhPk7zyyvrKE
2025-12-03T15:59:29.412Z,384231935,62agUe3FvsknSgW31MVT69P6j6WunBP4tX2QFpbuXgB8VLoDAVHMjKNYg6hcXdV2SfkwGNAmTRbhuRJoM9MEWfJ1,https://solscan.io/tx/62agUe3FvsknSgW31MVT69P6j6WunBP4tX2QFpbuXgB8VLoDAVHMjKNYg6hcXdV2SfkwGNAmTRbhuRJoM9MEWfJ1
2025-12-03T15:59:29.413Z,384231935,3dx4wzSCSH9wFMcy8h3Fw5Ew7grj5DrSSzCCBT2QjUnTkCe4C7si43ySFkSaWPcz4Wn2qwNVQao9nyh8ciftkNCm,https://solscan.io/tx/3dx4wzSCSH9wFMcy8h3Fw5Ew7grj5DrSSzCCBT2QjUnTkCe4C7si43ySFkSaWPcz4Wn2qwNVQao9nyh8ciftkNCm
2025-12-03T15:59:29.919Z,384231936,2Lei6bRYEzyiXxqf4dhskd1iRU4nmd8E52T58uSxWDGtGEHJkSHZjc1nXzj2tiGShzC8ggXJQGpDs3SvDkSEcU3f,https://solscan.io/tx/2Lei6bRYEzyiXxqf4dhskd1iRU4nmd8E52T58uSxWDGtGEHJkSHZjc1nXzj2tiGShzC8ggXJQGpDs3SvDkSEcU3f
2025-12-03T15:59:29.921Z,384231936,26penbAXhDtUcppe2E9NXcUt8yHLKd3Q6u4p2w4W7vDotHAQjn63E7yNkmeGwsK6LhEMLAAMLZqHp6efjgLmhhph,https://solscan.io/tx/26penbAXhDtUcppe2E9NXcUt8yHLKd3Q6u4p2w4W7vDotHAQjn63E7yNkmeGwsK6LhEMLAAMLZqHp6efjgLmhhph
2025-12-03T15:59:29.922Z,384231936,4VbLTWU1FJ2hXFPiMkB3oePgGLhGjE26zAgKSvdrkE7ZP2JHTmQHZo3URjBhafUa3s4cnPvDreC5xox3zJNTUehH,https://solscan.io/tx/4VbLTWU1FJ2hXFPiMkB3oePgGLhGjE26zAgKSvdrkE7ZP2JHTmQHZo3URjBhafUa3s4cnPvDreC5xox3zJNTUehH
2025-12-03T15:59:29.926Z,384231936,xqnYuR8a2G4Hn92K5gfKKTQX3WRS3fNWNi3AacWU9ZJjahFkUTGeEtHiHuAV62HoG3PMR273iShpGZBFfkfskVK,https://solscan.io/tx/xqnYuR8a2G4Hn92K5gfKKTQX3WRS3fNWNi3AacWU9ZJjahFkUTGeEtHiHuAV62HoG3PMR273iShpGZBFfkfskVK
2025-12-03T15:59:29.929Z,384231936,3pxYyXZbjF7gF8XkAmzHG4pt8GDafPSC7eXjobvLEk7xt78PX9eFGeT9wxfgkvnHNjRN3zjTBGQeLfQT8DKA8Qwe,https://solscan.io/tx/3pxYyXZbjF7gF8XkAmzHG4pt8GDafPSC7eXjobvLEk7xt78PX9eFGeT9wxfgkvnHNjRN3zjTBGQeLfQT8DKA8Qwe
2025-12-03T15:59:29.931Z,384231936,5hBEsAUL1WHXWDZWggvymJ2gz6qX9ZGv8YNEPDmaCSfzM3VEeS28YFC1js9uABRb1nBLJQ93DxrWYZ36EBEiPcTT,https://solscan.io/tx/5hBEsAUL1WHXWDZWggvymJ2gz6qX9ZGv8YNEPDmaCSfzM3VEeS28YFC1js9uABRb1nBLJQ93DxrWYZ36EBEiPcTT
2025-12-03T15:59:30.333Z,384231937,5vtZrDaQDjgeFDFDeg4dF1oRAXZCzQ5mdqtdihzah1Lx1TmY9obeP3n7zEFqzzuZ9WDLS2GrGBNaRMQntcusmKbJ,https://solscan.io/tx/5vtZrDaQDjgeFDFDeg4dF1oRAXZCzQ5mdqtdihzah1Lx1TmY9obeP3n7zEFqzzuZ9WDLS2GrGBNaRMQntcusmKbJ
2025-12-03T15:59:30.335Z,384231937,3dmhpnx9X44dWFtZKR26d5FytepkPbdpWDe2XQzCpr3N9hvJActySD238rcjibfY5hkZ8JwhHbfFAb8m9z93cLGd,https://solscan.io/tx/3dmhpnx9X44dWFtZKR26d5FytepkPbdpWDe2XQzCpr3N9hvJActySD238rcjibfY5hkZ8JwhHbfFAb8m9z93cLGd
2025-12-03T15:59:30.338Z,384231937,r2jkaevK172zuMKuKBoMibmwJZJC1DoroznA7anZjj9Z9p94Daus9dZXPuashWsDfaFkq6r7k7KphHKQgCF3yyh,https://solscan.io/tx/r2jkaevK172zuMKuKBoMibmwJZJC1DoroznA7anZjj9Z9p94Daus9dZXPuashWsDfaFkq6r7k7KphHKQgCF3yyh
2025-12-03T15:59:30.339Z,384231937,4LrozPcYeNLx2z41kNHXHby1qPN3VXrmeobQBnZqcSqbCEXD8AtA8o4p1kykNUzWz68z2BKouesxCQ8uJkYArwxU,https://solscan.io/tx/4LrozPcYeNLx2z41kNHXHby1qPN3VXrmeobQBnZqcSqbCEXD8AtA8o4p1kykNUzWz68z2BKouesxCQ8uJkYArwxU
2025-12-03T15:59:30.343Z,384231937,2eRgbbsSJcGEfmnQJSLSRnksq2e6SNJTfkXVpJaGbpA5VGJeAj8gaHjenRuVKbWFXz92vQRRsvTkXR3DD8Y17Mmv,https://solscan.io/tx/2eRgbbsSJcGEfmnQJSLSRnksq2e6SNJTfkXVpJaGbpA5VGJeAj8gaHjenRuVKbWFXz92vQRRsvTkXR3DD8Y17Mmv
2025-12-03T15:59:30.346Z,384231937,4nzHf8mkempfGqFNkbAGiQzt3BCsEvYfmo8UCLqsfpNuAG4qWwnaPgcYRMMDWJ6RaNXeFx4DWeJonFCrEphZGEos,https://solscan.io/tx/4nzHf8mkempfGqFNkbAGiQzt3BCsEvYfmo8UCLqsfpNuAG4qWwnaPgcYRMMDWJ6RaNXeFx4DWeJonFCrEphZGEos
2025-12-03T15:59:30.347Z,384231937,2qgU1J8h2KibM9xtzjAdsYqoGSjnUcSYkkUtEU5Z5xY4EtBK2RVDh8ukpsNa4cR1rYHRbuDgBxirBvKYdWP7r3HV,https://solscan.io/tx/2qgU1J8h2KibM9xtzjAdsYqoGSjnUcSYkkUtEU5Z5xY4EtBK2RVDh8ukpsNa4cR1rYHRbuDgBxirBvKYdWP7r3HV
2025-12-03T15:59:30.802Z,384231938,o3gk8UT1t1TbQTZfJtPM8epTASqMv9he41jF5XSNMoR9KMF2JoLbLdJMy8eCrCbSuu29aBBwgQu1HwLhaeiwWaa,https://solscan.io/tx/o3gk8UT1t1TbQTZfJtPM8epTASqMv9he41jF5XSNMoR9KMF2JoLbLdJMy8eCrCbSuu29aBBwgQu1HwLhaeiwWaa
2025-12-03T15:59:30.804Z,384231938,53kaz8tjNuCDpcHfYiBELQKHoEnP59G2xbfhmmYRjoUCJy17VKphJ1vpgKzXY22aV6Spva2CLuUdFYNtwyNe9m6C,https://solscan.io/tx/53kaz8tjNuCDpcHfYiBELQKHoEnP59G2xbfhmmYRjoUCJy17VKphJ1vpgKzXY22aV6Spva2CLuUdFYNtwyNe9m6C
2025-12-03T15:59:30.805Z,384231938,64z7WywsZNw75riDYgd2cTL6AsbbFLDJvqYEPh4GhJr5euDgQoWugWXNh5Fc39DWVuUiyGdWNbgTg2ePguxXbvLo,https://solscan.io/tx/64z7WywsZNw75riDYgd2cTL6AsbbFLDJvqYEPh4GhJr5euDgQoWugWXNh5Fc39DWVuUiyGdWNbgTg2ePguxXbvLo
2025-12-03T15:59:30.807Z,384231938,5C3gGU77odY69HdFYovruFuDXNQzK8TauMchwqZPxfQXDz2huLSME4auxtn5taqWvFnenJ9ZkgWTAdhoBd9RTn1j,https://solscan.io/tx/5C3gGU77odY69HdFYovruFuDXNQzK8TauMchwqZPxfQXDz2huLSME4auxtn5taqWvFnenJ9ZkgWTAdhoBd9RTn1j
2025-12-03T15:59:30.808Z,384231938,4mKHad7i58asriHSKoD2tjLZBLxgqSrssse2QQvMPRC1766sMrXdHpYk4G92BRL48RGCcksDHtHirXqSuR79odLv,https://solscan.io/tx/4mKHad7i58asriHSKoD2tjLZBLxgqSrssse2QQvMPRC1766sMrXdHpYk4G92BRL48RGCcksDHtHirXqSuR79odLv
2025-12-03T15:59:30.810Z,384231938,5VUTQwN4LDngqN8Q55rXdpCojzZN6SSRF8mSgPpBTH63KcYEpz4KCYQR2u9kroB8Xp3TUELSJgkuzWnLTxV75xqs,https://solscan.io/tx/5VUTQwN4LDngqN8Q55rXdpCojzZN6SSRF8mSgPpBTH63KcYEpz4KCYQR2u9kroB8Xp3TUELSJgkuzWnLTxV75xqs
2025-12-03T15:59:30.811Z,384231938,3ywLtkbHGhytxUAqBRDm1oRk1Gwhy4y2ppVEtF2xzaurtVfSrpHFftLeRKMv1Npg1LcQ4qhWXGj7KsdK9cpMNcBr,https://solscan.io/tx/3ywLtkbHGhytxUAqBRDm1oRk1Gwhy4y2ppVEtF2xzaurtVfSrpHFftLeRKMv1Npg1LcQ4qhWXGj7KsdK9cpMNcBr
2025-12-03T15:59:30.812Z,384231938,2Wha4nMp83XLbvMU39Zf5b3uYyW8FknieuLybFio37gyByTr5yYnv27EQgqxDCHV9Zq3doXcuxNWT3F222onLMJU,https://solscan.io/tx/2Wha4nMp83XLbvMU39Zf5b3uYyW8FknieuLybFio37gyByTr5yYnv27EQgqxDCHV9Zq3doXcuxNWT3F222onLMJU
2025-12-03T15:59:30.813Z,384231938,2SdpkjnQVtHmJr5BuvBaGWswsSF72ktmdZnse94znJ7HNnRWN9TT123DCWXRLrkBw1KREa78e27LdhrBFYHbD9Ae,https://solscan.io/tx/2SdpkjnQVtHmJr5BuvBaGWswsSF72ktmdZnse94znJ7HNnRWN9TT123DCWXRLrkBw1KREa78e27LdhrBFYHbD9Ae
2025-12-03T15:59:31.164Z,384231939,3L5CwSzsaPzrApWWy5aqADd9n6ai148GsEEjwS1E7UxpbC6Ph4U7obNL5kztHeiMdEFoLhy7sKKAJBTy1PjSsSVD,https://solscan.io/tx/3L5CwSzsaPzrApWWy5aqADd9n6ai148GsEEjwS1E7UxpbC6Ph4U7obNL5kztHeiMdEFoLhy7sKKAJBTy1PjSsSVD
2025-12-03T15:59:31.166Z,384231939,rKdbdJnXVqoWFTZ7Zpc7GkQwRrbzwfAMkA9AvQ5KwxEYWjgebX1id8pWj1S3hysLdsWeaCV7ZepMGgUdBjDP38z,https://solscan.io/tx/rKdbdJnXVqoWFTZ7Zpc7GkQwRrbzwfAMkA9AvQ5KwxEYWjgebX1id8pWj1S3hysLdsWeaCV7ZepMGgUdBjDP38z
2025-12-03T15:59:31.169Z,384231939,5y3BgCezJhz8gWvztrjLwzjfAkWqndwvcsWStTpHBZWr3wce5GLbwhBtwFvwe2xJVYjEVKgEDvVYmqc6e279yznS,https://solscan.io/tx/5y3BgCezJhz8gWvztrjLwzjfAkWqndwvcsWStTpHBZWr3wce5GLbwhBtwFvwe2xJVYjEVKgEDvVYmqc6e279yznS
2025-12-03T15:59:31.171Z,384231939,2Mhqmie9QLm73oPwoVLXjLDuABvqe5sWn6DfauqX1fNn8T85FQu8Pz3hDdkcYPUmSZuFSsHSWji1eVHU44HfJmsy,https://solscan.io/tx/2Mhqmie9QLm73oPwoVLXjLDuABvqe5sWn6DfauqX1fNn8T85FQu8Pz3hDdkcYPUmSZuFSsHSWji1eVHU44HfJmsy
2025-12-03T15:59:31.173Z,384231939,3ru1tuNDRS7sUNhQ5hkCoJjS4bd5xuUDSLrCqNRrJ8qEba8nkagcrrkVVoUb2yLGhAYu2qApGRdcnzZdrULMAPPs,https://solscan.io/tx/3ru1tuNDRS7sUNhQ5hkCoJjS4bd5xuUDSLrCqNRrJ8qEba8nkagcrrkVVoUb2yLGhAYu2qApGRdcnzZdrULMAPPs
2025-12-03T15:59:31.174Z,384231939,48TRnspbDUVXuN6LmToBP1v8MhMaGaB6TB5CWYS5cgAEPVWpZsKduHYkLp5D8pmhDKsqK7qACTENWhVtPPXy3bKW,https://solscan.io/tx/48TRnspbDUVXuN6LmToBP1v8MhMaGaB6TB5CWYS5cgAEPVWpZsKduHYkLp5D8pmhDKsqK7qACTENWhVtPPXy3bKW
2025-12-03T15:59:31.176Z,384231939,azebztWfDbt1GudMXgDQ6W2ACYoTVd2a9hmaJnqEyFQzN9VsxEVWmG2DSbmnrxYSp8dKzqp97oNz4o3UfhzpbFk,https://solscan.io/tx/azebztWfDbt1GudMXgDQ6W2ACYoTVd2a9hmaJnqEyFQzN9VsxEVWmG2DSbmnrxYSp8dKzqp97oNz4o3UfhzpbFk
2025-12-03T15:59:31.528Z,384231940,2yeJGBHm3D63Nm6ocWDNfq6BnWJ2GL23UT4K2j1NV5U4JtiYvdsPLWaJZhycR8F1tSJx6t5oE9fXp9PjyYUzcSpu,https://solscan.io/tx/2yeJGBHm3D63Nm6ocWDNfq6BnWJ2GL23UT4K2j1NV5U4JtiYvdsPLWaJZhycR8F1tSJx6t5oE9fXp9PjyYUzcSpu
2025-12-03T15:59:31.530Z,384231940,2BXoAj5N3BTb5uw9U5wrUSrPsjkaVYh557tbg5sdMoN7DRc9YhYZK18UPthvDg27w8AqFoXwZgnRLnCuR3vPnRf9,https://solscan.io/tx/2BXoAj5N3BTb5uw9U5wrUSrPsjkaVYh557tbg5sdMoN7DRc9YhYZK18UPthvDg27w8AqFoXwZgnRLnCuR3vPnRf9
2025-12-03T15:59:31.533Z,384231940,5AjAiFzcNrRAcTvo8mseqUmYCANcGJL7PKvjEFn46UxjStVUKbeP5bAPe6VSAhkJSVKBMEoWfaQ5j1W82M5oxcae,https://solscan.io/tx/5AjAiFzcNrRAcTvo8mseqUmYCANcGJL7PKvjEFn46UxjStVUKbeP5bAPe6VSAhkJSVKBMEoWfaQ5j1W82M5oxcae
2025-12-03T15:59:31.534Z,384231940,3b5rYhebBHwus9H7BTYfVG4FEs22BQgPNqnrarKy259B25db7Km35vXTGmGDCL5cMS8t1n3vS5QNPKqbMAhky4Nc,https://solscan.io/tx/3b5rYhebBHwus9H7BTYfVG4FEs22BQgPNqnrarKy259B25db7Km35vXTGmGDCL5cMS8t1n3vS5QNPKqbMAhky4Nc
2025-12-03T15:59:31.535Z,384231940,2MjyKtfrwS7v4aifGoLKjWU2eNbVgJUx3whRUpWDvSZRkiiPhap3umkZWELWhaB9QfNNNBTop1EFcxUpHAvDdBg4,https://solscan.io/tx/2MjyKtfrwS7v4aifGoLKjWU2eNbVgJUx3whRUpWDvSZRkiiPhap3umkZWELWhaB9QfNNNBTop1EFcxUpHAvDdBg4
2025-12-03T15:59:31.537Z,384231940,wK3XmhX7UEppc8JSWoVk22GLKdi1S1eydAZ75A9KSXQexwgajr45ABPJpUPTE1RoRPQQhavMVr1nStB9ET7GWHT,https://solscan.io/tx/wK3XmhX7UEppc8JSWoVk22GLKdi1S1eydAZ75A9KSXQexwgajr45ABPJpUPTE1RoRPQQhavMVr1nStB9ET7GWHT
2025-12-03T15:59:31.539Z,384231940,5YxBWGjBgrfv5o9q94Bf4AvWRn5q7ndrPqV6utfHxDH2Jnprp8NL8UFS5jS7szdHRNmqXPzkGUFSGM9Gh8JZQVAG,https://solscan.io/tx/5YxBWGjBgrfv5o9q94Bf4AvWRn5q7ndrPqV6utfHxDH2Jnprp8NL8UFS5jS7szdHRNmqXPzkGUFSGM9Gh8JZQVAG
2025-12-03T15:59:31.540Z,384231940,22ZNoPafXWs9bRdFLXSUZXnJ7ep5t8fs9HCku1PmUZxY6B4zwxmYXidWxJBBmkbe2yfXMSzb329Sqfg5tEN9HmqS,https://solscan.io/tx/22ZNoPafXWs9bRdFLXSUZXnJ7ep5t8fs9HCku1PmUZxY6B4zwxmYXidWxJBBmkbe2yfXMSzb329Sqfg5tEN9HmqS
2025-12-03T15:59:31.544Z,384231940,3BmRx3bSv1iso8u2bGTb2rN3QJFbszVc3GffomMMk8mAJUQMqyHdS9bszM7GQ6MNfWERqGMh647gycdb2VgbHy8F,https://solscan.io/tx/3BmRx3bSv1iso8u2bGTb2rN3QJFbszVc3GffomMMk8mAJUQMqyHdS9bszM7GQ6MNfWERqGMh647gycdb2VgbHy8F
2025-12-03T15:59:31.546Z,384231940,5nhCpc4HvWPJz5kWG56ma5yawUhVgpUoPTWzHmezTWgNwuZXEc1n1doyj7E38rhiTbvBBm5S7E4QrgvXR8rUq3UN,https://solscan.io/tx/5nhCpc4HvWPJz5kWG56ma5yawUhVgpUoPTWzHmezTWgNwuZXEc1n1doyj7E38rhiTbvBBm5S7E4QrgvXR8rUq3UN
2025-12-03T15:59:31.881Z,384231941,5NmBUaakhtWA2685Fd4hye2UwMpY79JwsCRvZc2tpu8tnaVCnQNHhx3Zq1aDAJS6SYPMnfpt3J1Ydfc14Sw4sssg,https://solscan.io/tx/5NmBUaakhtWA2685Fd4hye2UwMpY79JwsCRvZc2tpu8tnaVCnQNHhx3Zq1aDAJS6SYPMnfpt3J1Ydfc14Sw4sssg
2025-12-03T15:59:31.884Z,384231941,51ZK8c2M71tQYBTEEw8XGX4dtn2syjE8BZc8LQxDcGN2wEFigiTAduUwCheErKatGnqM6Qs4shCrQb7pvFxKrQ3h,https://solscan.io/tx/51ZK8c2M71tQYBTEEw8XGX4dtn2syjE8BZc8LQxDcGN2wEFigiTAduUwCheErKatGnqM6Qs4shCrQb7pvFxKrQ3h
2025-12-03T15:59:31.885Z,384231941,3Tb8Tn63bRpg9jaXsLR9zJe1hHtXPgUmB3XLQdBZebTV6EM4v6xgpzA5BFfTARcf5qmyD6XN9P9mfdrvtu1Vafdc,https://solscan.io/tx/3Tb8Tn63bRpg9jaXsLR9zJe1hHtXPgUmB3XLQdBZebTV6EM4v6xgpzA5BFfTARcf5qmyD6XN9P9mfdrvtu1Vafdc
2025-12-03T15:59:31.886Z,384231941,5zqUdH2WmFo65DE7hmVMjDT3gkJUZNpwgCgTfmhiJXXcqfv3NdCU5BtCh43KdeXDgHowQMQZMpYJXw7HgQT9Eosn,https://solscan.io/tx/5zqUdH2WmFo65DE7hmVMjDT3gkJUZNpwgCgTfmhiJXXcqfv3NdCU5BtCh43KdeXDgHowQMQZMpYJXw7HgQT9Eosn
2025-12-03T15:59:31.887Z,384231941,4UbewHrKjLwR5Kc3XLyear1Gta27e84QwmDvZidMMNdZH9GvwR9H52AvY6ZB4rJwLvvB711vyR44d7Ea9FMsuicK,https://solscan.io/tx/4UbewHrKjLwR5Kc3XLyear1Gta27e84QwmDvZidMMNdZH9GvwR9H52AvY6ZB4rJwLvvB711vyR44d7Ea9FMsuicK
2025-12-03T15:59:31.902Z,384231941,5abFXMB8obxHqrNpCabzcFAUoS3uDyxBnqwqwyM5Bj6134EGapmDsoUa5GbdWoTNnVaB4qGvbBQyvewCaqtfYN7a,https://solscan.io/tx/5abFXMB8obxHqrNpCabzcFAUoS3uDyxBnqwqwyM5Bj6134EGapmDsoUa5GbdWoTNnVaB4qGvbBQyvewCaqtfYN7a
2025-12-03T15:59:31.904Z,384231941,JKmzcYJJado7bgVBvakg7ts72T1cmjHBMPwA6emSt5QywXvbhZNc5omUNmhDp4b9FWrpwLbQtiWayuQ9ArCzHnP,https://solscan.io/tx/JKmzcYJJado7bgVBvakg7ts72T1cmjHBMPwA6emSt5QywXvbhZNc5omUNmhDp4b9FWrpwLbQtiWayuQ9ArCzHnP
2025-12-03T15:59:31.905Z,384231941,5wh87hxzLtRaGEyRYBGt7t9dFRPZxopcW1UTtjSuAHyEKEYADyDmNZZijEHBiUJ4sEBmVJV52GAHMBvwzwzFhU35,https://solscan.io/tx/5wh87hxzLtRaGEyRYBGt7t9dFRPZxopcW1UTtjSuAHyEKEYADyDmNZZijEHBiUJ4sEBmVJV52GAHMBvwzwzFhU35
2025-12-03T15:59:32.255Z,384231942,Z8vFWuYYoMBBoSDmuK3Tm2mifSvTqHwSnEba39e91eSQ6ATgtpecCj56fuLzuLRbNY8sCM6L1sRyXzWyr8SqZSo,https://solscan.io/tx/Z8vFWuYYoMBBoSDmuK3Tm2mifSvTqHwSnEba39e91eSQ6ATgtpecCj56fuLzuLRbNY8sCM6L1sRyXzWyr8SqZSo
2025-12-03T15:59:32.257Z,384231942,4qjDT81cKVNDj4Cqd75zLoyFAAPpEZwiepPyKaWYtZ5Bseshb6m7ibAjbqYHVy152XZSY4KRZ4a2rV24bUHSDP4Q,https://solscan.io/tx/4qjDT81cKVNDj4Cqd75zLoyFAAPpEZwiepPyKaWYtZ5Bseshb6m7ibAjbqYHVy152XZSY4KRZ4a2rV24bUHSDP4Q
2025-12-03T15:59:32.258Z,384231942,AmWhUUiaYYr9AuwzDDHE6oRZM2XuXEAoG2WSbbhBFieaF6kqo1CijYJaw8FUbmi9dzQUmHvpaksaMi2pEdLBn48,https://solscan.io/tx/AmWhUUiaYYr9AuwzDDHE6oRZM2XuXEAoG2WSbbhBFieaF6kqo1CijYJaw8FUbmi9dzQUmHvpaksaMi2pEdLBn48
2025-12-03T15:59:32.260Z,384231942,3StHEkUguNGefdRHNHTL8UjPEUocVPqAQFRs3s9WvoCt9iLPi4NZkr5UAp5Bmi1tRMUNm8toVK7ng3C3QoNdridL,https://solscan.io/tx/3StHEkUguNGefdRHNHTL8UjPEUocVPqAQFRs3s9WvoCt9iLPi4NZkr5UAp5Bmi1tRMUNm8toVK7ng3C3QoNdridL
2025-12-03T15:59:32.261Z,384231942,5ZiFoz4JbVzoBxLoZozdCt1e2KuH2f3BZJjQGYithXYoow2tWYu4dREWFib6UbCPWRN8nQNY3PLf7hxNkeQAz5Da,https://solscan.io/tx/5ZiFoz4JbVzoBxLoZozdCt1e2KuH2f3BZJjQGYithXYoow2tWYu4dREWFib6UbCPWRN8nQNY3PLf7hxNkeQAz5Da
2025-12-03T15:59:32.262Z,384231942,4se1oVBTpE1Hdzc83m3Sz7G8hyM2GoRAm91JLA8XDMeVuMwsBDxawu3TJpPpCmAxHfPUsyFF9KLdddvA6knvBoL2,https://solscan.io/tx/4se1oVBTpE1Hdzc83m3Sz7G8hyM2GoRAm91JLA8XDMeVuMwsBDxawu3TJpPpCmAxHfPUsyFF9KLdddvA6knvBoL2
2025-12-03T15:59:32.658Z,384231943,5Y5AU42sfdSXnbySkWTt9gC46esxC3pQNwArEpU7cmnFiwczNNAVohpiohaqxBFkuUzDo65aXFSmcAExvksrb4SC,https://solscan.io/tx/5Y5AU42sfdSXnbySkWTt9gC46esxC3pQNwArEpU7cmnFiwczNNAVohpiohaqxBFkuUzDo65aXFSmcAExvksrb4SC
2025-12-03T15:59:32.661Z,384231943,2LVUpw4JT3UDmRJzFpRJhiKa94zKfWTcEPSny3qoRUT9dLMdmGLmbzxhQGB5qMCxqsXj85wfqCvxuzz13jN4GBoG,https://solscan.io/tx/2LVUpw4JT3UDmRJzFpRJhiKa94zKfWTcEPSny3qoRUT9dLMdmGLmbzxhQGB5qMCxqsXj85wfqCvxuzz13jN4GBoG
2025-12-03T15:59:32.662Z,384231943,5RiMU6EChWvEUmkhHRPd8vGCM4mwLzbj1gBbryvPHKb8W58hoVCkjBwbDGN6eB7dSkWbpf8gG2ttTr1cKNXqBS9g,https://solscan.io/tx/5RiMU6EChWvEUmkhHRPd8vGCM4mwLzbj1gBbryvPHKb8W58hoVCkjBwbDGN6eB7dSkWbpf8gG2ttTr1cKNXqBS9g
2025-12-03T15:59:32.663Z,384231943,2GsiAd7Yedu8HCGWMwEtXh4zxkdDK6Fc1p6LZ2Ue8QefXYSgiyacLnJZWbhq45dBobgEzgkEd1XyBGG8SAs8dWDq,https://solscan.io/tx/2GsiAd7Yedu8HCGWMwEtXh4zxkdDK6Fc1p6LZ2Ue8QefXYSgiyacLnJZWbhq45dBobgEzgkEd1XyBGG8SAs8dWDq
2025-12-03T15:59:32.664Z,384231943,4MAPsobTBbh7AAwYVb2dVFGj2RAgdJ9KHQbK4g67ZgzU2jzQC2vroNDN2mhCwTjRgtwXCcmizvRgo44kSRkM6tZt,https://solscan.io/tx/4MAPsobTBbh7AAwYVb2dVFGj2RAgdJ9KHQbK4g67ZgzU2jzQC2vroNDN2mhCwTjRgtwXCcmizvRgo44kSRkM6tZt
2025-12-03T15:59:32.672Z,384231943,5cersDSqsE3YN9gwk1K4yXmZKSq57ZSPfMSq4fwGBpkvAPsGkT12xprhDgWQxyi1JWMpSFkHzhjoCZphmkyD1qu4,https://solscan.io/tx/5cersDSqsE3YN9gwk1K4yXmZKSq57ZSPfMSq4fwGBpkvAPsGkT12xprhDgWQxyi1JWMpSFkHzhjoCZphmkyD1qu4
2025-12-03T15:59:32.673Z,384231943,3hbqmUSYLMfXNahh5TSk3kVzEKJmTRxYXC2fmkK33sHuXcC6SqqCMnix5o5UHDSnpAD63hsUbeAqooFqHbr6ReH1,https://solscan.io/tx/3hbqmUSYLMfXNahh5TSk3kVzEKJmTRxYXC2fmkK33sHuXcC6SqqCMnix5o5UHDSnpAD63hsUbeAqooFqHbr6ReH1
2025-12-03T15:59:32.675Z,384231943,2fh6L6DdL7iWaDPV9SKziegyVMKzmnexYWWn4q4dHLx4HJ7BtNpiobAp5MeXBrqhgATLyF8LZsqYzrhfBqfJ7wy2,https://solscan.io/tx/2fh6L6DdL7iWaDPV9SKziegyVMKzmnexYWWn4q4dHLx4HJ7BtNpiobAp5MeXBrqhgATLyF8LZsqYzrhfBqfJ7wy2
2025-12-03T15:59:32.676Z,384231943,3FMxePp1i3xfDtZzGLMH8dRyPK5ubNm7SekDKuRbZTQFkwsGBnTAMtJwXmvffFkfuUMqJyZBrzjsvTUbUfayFZPy,https://solscan.io/tx/3FMxePp1i3xfDtZzGLMH8dRyPK5ubNm7SekDKuRbZTQFkwsGBnTAMtJwXmvffFkfuUMqJyZBrzjsvTUbUfayFZPy
2025-12-03T15:59:32.677Z,384231943,5t3zkpBru8DZ5m7VSFZvfjnS59sxJ56g8A4tbTLN4XgkkWpcVzTckELDFEfQfxLi2DG3DrDve6vCWHuh7bkzvjDq,https://solscan.io/tx/5t3zkpBru8DZ5m7VSFZvfjnS59sxJ56g8A4tbTLN4XgkkWpcVzTckELDFEfQfxLi2DG3DrDve6vCWHuh7bkzvjDq
2025-12-03T15:59:33.083Z,384231944,2zDBYfueg2u3mw3Qa6rgZvHHg52gs8nqC25taut9WraNVEFHVo8ASREN1sNQKBjrtNRtepT8vBB9JAXau6d1UD7B,https://solscan.io/tx/2zDBYfueg2u3mw3Qa6rgZvHHg52gs8nqC25taut9WraNVEFHVo8ASREN1sNQKBjrtNRtepT8vBB9JAXau6d1UD7B
2025-12-03T15:59:33.086Z,384231944,5yMq2vkJUgp8tB1oEJ6a4dLoryA1VqNpPArgoicrBQ3kH2SUNSMt7a5BmNGbTTvLANxsNkkYCWTAEk8xa14gei8T,https://solscan.io/tx/5yMq2vkJUgp8tB1oEJ6a4dLoryA1VqNpPArgoicrBQ3kH2SUNSMt7a5BmNGbTTvLANxsNkkYCWTAEk8xa14gei8T
2025-12-03T15:59:33.593Z,384231945,4nhf6DJyFDPWuq8gZvZRX65onUA9n1ozAqHKeAEECx3MDo4BkpsBkrt7Aozpmpir48koFhfiv1wgtLGMGRfmET2Q,https://solscan.io/tx/4nhf6DJyFDPWuq8gZvZRX65onUA9n1ozAqHKeAEECx3MDo4BkpsBkrt7Aozpmpir48koFhfiv1wgtLGMGRfmET2Q
2025-12-03T15:59:33.594Z,384231945,2xLx7AbYcFfi1nfWqetDmTDbUu7Gah8nXVUQDPAbgGrw5ooCJewMmrsH9rv7iYGoN5mN9hjwVg4q45TJKLxQvYDc,https://solscan.io/tx/2xLx7AbYcFfi1nfWqetDmTDbUu7Gah8nXVUQDPAbgGrw5ooCJewMmrsH9rv7iYGoN5mN9hjwVg4q45TJKLxQvYDc
2025-12-03T15:59:33.595Z,384231945,RtVeVsnv7X1wxoW9EBbUFMionMGtfHRMEq2hhj8MneagaLWgvomb8XiZB8hantgs1oYsqL6mciizp88Dx2RBuFN,https://solscan.io/tx/RtVeVsnv7X1wxoW9EBbUFMionMGtfHRMEq2hhj8MneagaLWgvomb8XiZB8hantgs1oYsqL6mciizp88Dx2RBuFN
2025-12-03T15:59:33.596Z,384231945,5acm9wbJ7GM8A4FsLNZjx2UGwGMHGW4D5vq5aHDkK8kqXzGjyTtDhMNfWKaQZQYxu7w26p2g1NtWw9rxfjALCntP,https://solscan.io/tx/5acm9wbJ7GM8A4FsLNZjx2UGwGMHGW4D5vq5aHDkK8kqXzGjyTtDhMNfWKaQZQYxu7w26p2g1NtWw9rxfjALCntP
2025-12-03T15:59:33.987Z,384231946,7SfiiM85Znt7DYrmUFG6nR22VTWFTX88EF1Czp966SxEg2KM2f762ShPKWwgNzPuMNYmyr5pY5B6pkouNqKxutw,https://solscan.io/tx/7SfiiM85Znt7DYrmUFG6nR22VTWFTX88EF1Czp966SxEg2KM2f762ShPKWwgNzPuMNYmyr5pY5B6pkouNqKxutw
2025-12-03T15:59:33.989Z,384231946,pk4UtXMRMoCtzjVqgBbE5PsJ3S7ria5Xd7spMszyaHs4adbJZDjoEL5AwZ6RhWi4BW8jrB9YAKR5pMZdoGzra2F,https://solscan.io/tx/pk4UtXMRMoCtzjVqgBbE5PsJ3S7ria5Xd7spMszyaHs4adbJZDjoEL5AwZ6RhWi4BW8jrB9YAKR5pMZdoGzra2F
2025-12-03T15:59:33.990Z,384231946,4MNd5McQbUx626qmje91vRTQHCiCJSgZPxyTyNH3rq3gccbFeD5Wpsc6KkNR7ForQDJVxKHqxukjyXwrZ1BvPfMZ,https://solscan.io/tx/4MNd5McQbUx626qmje91vRTQHCiCJSgZPxyTyNH3rq3gccbFeD5Wpsc6KkNR7ForQDJVxKHqxukjyXwrZ1BvPfMZ
2025-12-03T15:59:34.486Z,384231947,3sP6G2diSGJ4Gazy1HKa4o5Zr5Gat9KaW2bYcgvRhnnsweEXPJYJjkWD9WXNJ9GjmV577b1C9jqnzQokWQB8oFgV,https://solscan.io/tx/3sP6G2diSGJ4Gazy1HKa4o5Zr5Gat9KaW2bYcgvRhnnsweEXPJYJjkWD9WXNJ9GjmV577b1C9jqnzQokWQB8oFgV
2025-12-03T15:59:34.488Z,384231947,bjess7zDjLuV9XVmKpgfoBiw6KVZDKvAcz1Wty6ST3by75evQe7oKiVZR8ih8TutarXVzq1erpiJBobb52aC7bN,https://solscan.io/tx/bjess7zDjLuV9XVmKpgfoBiw6KVZDKvAcz1Wty6ST3by75evQe7oKiVZR8ih8TutarXVzq1erpiJBobb52aC7bN
2025-12-03T15:59:34.492Z,384231947,5fZhHqwMmxaYig3YL97T8wnND1PjmrT3h22QbxregprdkqFRjQHK5gf4YTt8eLDKjLycBSzteZZ19pWd9tUxiT4v,https://solscan.io/tx/5fZhHqwMmxaYig3YL97T8wnND1PjmrT3h22QbxregprdkqFRjQHK5gf4YTt8eLDKjLycBSzteZZ19pWd9tUxiT4v
2025-12-03T15:59:34.494Z,384231947,5t3Zx58B7PVktNSDqxVMP93A4nzeJmP547MZiNyQvd8oFXjsodaGzpLzJafQYTbb5GzVt4sJwdfEF2vZnNZgQvHt,https://solscan.io/tx/5t3Zx58B7PVktNSDqxVMP93A4nzeJmP547MZiNyQvd8oFXjsodaGzpLzJafQYTbb5GzVt4sJwdfEF2vZnNZgQvHt
2025-12-03T15:59:34.853Z,384231948,22DBVbSwoEWQ7jKF9iQzaviPVAhuXQKp7rSPMbEJLejDxgDAAk6tUJeDge32sc6CjLjD6uXjrpqXar7K2Dy76Ygg,https://solscan.io/tx/22DBVbSwoEWQ7jKF9iQzaviPVAhuXQKp7rSPMbEJLejDxgDAAk6tUJeDge32sc6CjLjD6uXjrpqXar7K2Dy76Ygg
2025-12-03T15:59:34.855Z,384231948,4fctFZm4DBRRHhuivgntbBM7MNDqMZvBE1c872DAS4ezVvzSP61ECeEhxT6MtTguv6k74QQYKQxBeu32DSfwpCbP,https://solscan.io/tx/4fctFZm4DBRRHhuivgntbBM7MNDqMZvBE1c872DAS4ezVvzSP61ECeEhxT6MtTguv6k74QQYKQxBeu32DSfwpCbP
2025-12-03T15:59:34.857Z,384231948,22j1CovzcgZdc4xGByb8XfAnVvpZ2cF4p6GoCELau3uhZMrWLvqv7LGPx1QC8y6t8JpKBRQxGV3mPtwQjXyT8yXf,https://solscan.io/tx/22j1CovzcgZdc4xGByb8XfAnVvpZ2cF4p6GoCELau3uhZMrWLvqv7LGPx1QC8y6t8JpKBRQxGV3mPtwQjXyT8yXf
2025-12-03T15:59:35.212Z,384231949,4xPCDhuVRFMekyF4q2WijwLF5rKHiBRSBUriDq4udtWeHdqpntjPEEqsYrA1aLXtGm2kmoEZvuzYBKBXHtG5Mjow,https://solscan.io/tx/4xPCDhuVRFMekyF4q2WijwLF5rKHiBRSBUriDq4udtWeHdqpntjPEEqsYrA1aLXtGm2kmoEZvuzYBKBXHtG5Mjow
2025-12-03T15:59:35.214Z,384231949,3v2YSW18EoR3GUwFgLL7BPp3dtyBAUvX21Y3UDRYzoKEb2gyHpttVQMbcT1iUxpsscA1t8VcuD2iDAQUVg6ZhBiq,https://solscan.io/tx/3v2YSW18EoR3GUwFgLL7BPp3dtyBAUvX21Y3UDRYzoKEb2gyHpttVQMbcT1iUxpsscA1t8VcuD2iDAQUVg6ZhBiq
2025-12-03T15:59:35.589Z,384231950,4jscaQVTLCNy6LBFcyu1HeTxN5X75NyQrkgLT11bvuYxjasTtUGz9tDZQzoJG6PbujSDqbq9aakYBZLoozER3P8j,https://solscan.io/tx/4jscaQVTLCNy6LBFcyu1HeTxN5X75NyQrkgLT11bvuYxjasTtUGz9tDZQzoJG6PbujSDqbq9aakYBZLoozER3P8j
2025-12-03T15:59:35.592Z,384231950,4YCn9kMnh1PvbCzeEAcSC3SWuDnubJfqmMX2SHoxsiUPiGnyNbdMERk8e8FD1M76S78AWxLKA5hZBiypHknLEEzs,https://solscan.io/tx/4YCn9kMnh1PvbCzeEAcSC3SWuDnubJfqmMX2SHoxsiUPiGnyNbdMERk8e8FD1M76S78AWxLKA5hZBiypHknLEEzs
2025-12-03T15:59:35.594Z,384231950,48iM7pPFvMjtMXBmtYmpTtE7wKQYQUBcJnNpmwRvbpmq3W19r5xeMW4Db5REBGf91HMULTipchccv7BehhiYYjtb,https://solscan.io/tx/48iM7pPFvMjtMXBmtYmpTtE7wKQYQUBcJnNpmwRvbpmq3W19r5xeMW4Db5REBGf91HMULTipchccv7BehhiYYjtb
2025-12-03T15:59:35.595Z,384231950,pzP8uxgZjQuWBJGpvvF4uEs4iHuQTKcpVS4iAEpJkivxAUwmh34Y1WTJADUa3riHme8ZYzgA3ZcNdYdn7AcWhPH,https://solscan.io/tx/pzP8uxgZjQuWBJGpvvF4uEs4iHuQTKcpVS4iAEpJkivxAUwmh34Y1WTJADUa3riHme8ZYzgA3ZcNdYdn7AcWhPH
2025-12-03T15:59:35.596Z,384231950,dQsVYqdSPXCFVgSMcDkSaGjThH3q8RAPokaNKqs9Kz26TM22Zo4GRjQtDcgzNecMjwAjbgTmjQ9wUzMiXhzreCT,https://solscan.io/tx/dQsVYqdSPXCFVgSMcDkSaGjThH3q8RAPokaNKqs9Kz26TM22Zo4GRjQtDcgzNecMjwAjbgTmjQ9wUzMiXhzreCT
2025-12-03T15:59:35.601Z,384231950,A64PXV8dqoEVSuLh5pqFiB1T3s9CBkbDdRRnGAaD8pCboyghWsurQsPYQgvyyqa6vfqjRWkLaV7V2STVDrtdPoH,https://solscan.io/tx/A64PXV8dqoEVSuLh5pqFiB1T3s9CBkbDdRRnGAaD8pCboyghWsurQsPYQgvyyqa6vfqjRWkLaV7V2STVDrtdPoH
2025-12-03T15:59:35.604Z,384231950,2DPZBbB7J1uVXwSwYrAnCixyKTPy9ioVHiahGSCkVj2KoJLvpDaC3Ge3g9JwV3AKJ5Wa2JBdzxe2buemwDzUepwU,https://solscan.io/tx/2DPZBbB7J1uVXwSwYrAnCixyKTPy9ioVHiahGSCkVj2KoJLvpDaC3Ge3g9JwV3AKJ5Wa2JBdzxe2buemwDzUepwU
2025-12-03T15:59:35.956Z,384231951,2j5ZGq3ChXf9DxdC3oyYPVf2iVLkHMhegykhnG4gYSwDJbykRhEtKC5r45o6hFKbRXtJvWahAiuUJncZBVSRQA5d,https://solscan.io/tx/2j5ZGq3ChXf9DxdC3oyYPVf2iVLkHMhegykhnG4gYSwDJbykRhEtKC5r45o6hFKbRXtJvWahAiuUJncZBVSRQA5d
2025-12-03T15:59:35.958Z,384231951,4GyC4hS2qwQrpCGRzHvkZsdmuHH5PhcET3cMZ9s2c7hE6s4idEgDrBPTCpMecmg3AgYJEBd1ND2Ew8hnqqPyTQVa,https://solscan.io/tx/4GyC4hS2qwQrpCGRzHvkZsdmuHH5PhcET3cMZ9s2c7hE6s4idEgDrBPTCpMecmg3AgYJEBd1ND2Ew8hnqqPyTQVa
2025-12-03T15:59:35.960Z,384231951,4XJc67RC1k39JbpzHnyQwtcnN5DFtmxe8fJKcvzbec3cUA91TaMaXhXUbjPmDK2K8UBacNaV7UdiXZiXHY5dRzWw,https://solscan.io/tx/4XJc67RC1k39JbpzHnyQwtcnN5DFtmxe8fJKcvzbec3cUA91TaMaXhXUbjPmDK2K8UBacNaV7UdiXZiXHY5dRzWw
2025-12-03T15:59:35.961Z,384231951,2YykSb3We4iYHg4m94UR5Zz1xRBqy7NiP6MvPpyCDHMy1Vtu7uD7miP3FhHdmY5HWphAQFamcQgMPnsp8ezjEeu3,https://solscan.io/tx/2YykSb3We4iYHg4m94UR5Zz1xRBqy7NiP6MvPpyCDHMy1Vtu7uD7miP3FhHdmY5HWphAQFamcQgMPnsp8ezjEeu3
2025-12-03T15:59:35.962Z,384231951,3JBSfYg8KgdwbhCoDkAi3rEenseg33sKcLD4XK1Zc3E3bF9fYZUzPt1mzyD2vzTdKbtHY4gfLUqTaYwghRznMdo1,https://solscan.io/tx/3JBSfYg8KgdwbhCoDkAi3rEenseg33sKcLD4XK1Zc3E3bF9fYZUzPt1mzyD2vzTdKbtHY4gfLUqTaYwghRznMdo1
2025-12-03T15:59:35.964Z,384231951,5kU3KAw6p1G2tvBJXGoEhvC5cAWnGS61mmQP9K1ND47R4EV4h3jjF7cPM7ByssZLc7vTPTPU1a3GLvmq28GfqWLd,https://solscan.io/tx/5kU3KAw6p1G2tvBJXGoEhvC5cAWnGS61mmQP9K1ND47R4EV4h3jjF7cPM7ByssZLc7vTPTPU1a3GLvmq28GfqWLd
2025-12-03T15:59:35.965Z,384231951,4vXtrXgq2FJhsVGzivdFbaAed8iAsaK9B1SST6Y1wYLKkNTuymZzbw45zFFGQELEJ9QHRUqGowYjB1M9JcDtYrFt,https://solscan.io/tx/4vXtrXgq2FJhsVGzivdFbaAed8iAsaK9B1SST6Y1wYLKkNTuymZzbw45zFFGQELEJ9QHRUqGowYjB1M9JcDtYrFt
2025-12-03T15:59:36.392Z,384231952,VQvkfjvRjVqB5QZsSjYckkysSHPYCbNHjnEzSLsZ5QSc8UMAHuwe7dwEFEVtShJPF4TxqH9QaBwfGYLy7gzaN3E,https://solscan.io/tx/VQvkfjvRjVqB5QZsSjYckkysSHPYCbNHjnEzSLsZ5QSc8UMAHuwe7dwEFEVtShJPF4TxqH9QaBwfGYLy7gzaN3E
2025-12-03T15:59:36.394Z,384231952,3HD2qJ6TxBtNEUCh2c2F3K1ChRm6Pp6wYdYVNWgsJVuhxVkTqMbY9aNr4nvfMPRoJSwC5ZKUiF1BpUERGNWfEjXH,https://solscan.io/tx/3HD2qJ6TxBtNEUCh2c2F3K1ChRm6Pp6wYdYVNWgsJVuhxVkTqMbY9aNr4nvfMPRoJSwC5ZKUiF1BpUERGNWfEjXH
2025-12-03T15:59:36.395Z,384231952,34aFjzFnu5SzYh97A2k3WKwgaRr8f3K6gdECZXur2AyhJZVAhSj1sX5g3AJWMkDgEEjxWzuhFKbgnbeQJ1TK5PoC,https://solscan.io/tx/34aFjzFnu5SzYh97A2k3WKwgaRr8f3K6gdECZXur2AyhJZVAhSj1sX5g3AJWMkDgEEjxWzuhFKbgnbeQJ1TK5PoC
2025-12-03T15:59:36.396Z,384231952,4Pos2mqqj9qcV7R7UZXkZsrFaGQ2cUYAbQgiL3dabQSNzivouq1ZqMG5KCVAw5rweA1t7W8CZUd94oLvQ5cVxyim,https://solscan.io/tx/4Pos2mqqj9qcV7R7UZXkZsrFaGQ2cUYAbQgiL3dabQSNzivouq1ZqMG5KCVAw5rweA1t7W8CZUd94oLvQ5cVxyim
2025-12-03T15:59:36.397Z,384231952,2MiN2xbYTDaofYiZJBXMzjRzYhMFgJeWeAicg1jErJDap2k9w5pVZ1fXJyL4HGUSRvrax4EX7mQd6fsNYjXXM7GA,https://solscan.io/tx/2MiN2xbYTDaofYiZJBXMzjRzYhMFgJeWeAicg1jErJDap2k9w5pVZ1fXJyL4HGUSRvrax4EX7mQd6fsNYjXXM7GA
2025-12-03T15:59:36.398Z,384231952,4smePskawRxmxiNRA1nu8xu5X7DbeXuszSodsDeqfht8QsTpUeauCMnX49twiQFhA49tYy7nxfe4ecNSWmXUwk3a,https://solscan.io/tx/4smePskawRxmxiNRA1nu8xu5X7DbeXuszSodsDeqfht8QsTpUeauCMnX49twiQFhA49tYy7nxfe4ecNSWmXUwk3a
2025-12-03T15:59:36.400Z,384231952,4USMGKUpkiKXMp2WFbUys8Mgad2sv71GofWZKJ3KmUn2eD3RSWsjQB26tStCtRransZDnJ7dVc8LK7WSBYkRvwXy,https://solscan.io/tx/4USMGKUpkiKXMp2WFbUys8Mgad2sv71GofWZKJ3KmUn2eD3RSWsjQB26tStCtRransZDnJ7dVc8LK7WSBYkRvwXy
2025-12-03T15:59:36.401Z,384231952,4U1khE9Nze1A4eZZsP2tF9Qu2Y1ak4mwQFuPcXfLBjGa5eDjbdeTCDJwnYaU7VmUi3ocGHnTtegftg5yQtiaWuYz,https://solscan.io/tx/4U1khE9Nze1A4eZZsP2tF9Qu2Y1ak4mwQFuPcXfLBjGa5eDjbdeTCDJwnYaU7VmUi3ocGHnTtegftg5yQtiaWuYz
2025-12-03T15:59:36.403Z,384231952,5QpVVz3w3BxS4bxNzGzZMRhi8WT1eTY7nUXYLHrgpaYzJQSBZnn9har6c796BMSPcttknabpU6BJYG2GyA7uCoey,https://solscan.io/tx/5QpVVz3w3BxS4bxNzGzZMRhi8WT1eTY7nUXYLHrgpaYzJQSBZnn9har6c796BMSPcttknabpU6BJYG2GyA7uCoey
2025-12-03T15:59:36.405Z,384231952,3dks7Z8EyEvXEXJhUy5TY7Pw2cQNBkbxboaSc6cAKBmrKT2Y439hfTL19b5gcL91sxNyM4dq2h3srkAXWHGhA77E,https://solscan.io/tx/3dks7Z8EyEvXEXJhUy5TY7Pw2cQNBkbxboaSc6cAKBmrKT2Y439hfTL19b5gcL91sxNyM4dq2h3srkAXWHGhA77E
2025-12-03T15:59:36.406Z,384231952,238yFuegvhrAWrRQZGHTwEyTN1fFhTtHP6KxqyLrmD7KHJ2gqP1YFfMXMRA6i1ykPZrDbDh3fDN47jTSgNr4avym,https://solscan.io/tx/238yFuegvhrAWrRQZGHTwEyTN1fFhTtHP6KxqyLrmD7KHJ2gqP1YFfMXMRA6i1ykPZrDbDh3fDN47jTSgNr4avym
2025-12-03T15:59:36.756Z,384231953,3DURpM8Jy8Qrq2xs2zhjo5vz4CP3VX9bv4zjQGEAULC5ELfRku6wp3oRjLSgswtvzVadXLqQ1mYv2cF4crFCNdee,https://solscan.io/tx/3DURpM8Jy8Qrq2xs2zhjo5vz4CP3VX9bv4zjQGEAULC5ELfRku6wp3oRjLSgswtvzVadXLqQ1mYv2cF4crFCNdee
2025-12-03T15:59:36.758Z,384231953,4w5uZ1BpoVuHzt2ySnMjJ2PmVoZg1ZWGfVk4agHXajdrj8vZQEYCUU2PgCTe6TcvCKs16nSWmgEgsvDoFZQAYePB,https://solscan.io/tx/4w5uZ1BpoVuHzt2ySnMjJ2PmVoZg1ZWGfVk4agHXajdrj8vZQEYCUU2PgCTe6TcvCKs16nSWmgEgsvDoFZQAYePB
2025-12-03T15:59:36.759Z,384231953,3JbnfsJU3A33eE8dzVpT6NjLPvY768XXDewdiSmtfs3aPQCKTp4WEeWBcCvLuWvWESn4aKPG7TGwBkYBPimKiKhn,https://solscan.io/tx/3JbnfsJU3A33eE8dzVpT6NjLPvY768XXDewdiSmtfs3aPQCKTp4WEeWBcCvLuWvWESn4aKPG7TGwBkYBPimKiKhn
2025-12-03T15:59:36.760Z,384231953,2shQp6aZFyBfcZ7qm4hY8KTkDx9sHwqWsKs5JkjcoNpbxnUKkoaeei2eQsSSxmtJ9yK8A4ZJZzp3fm14V81ZZpMa,https://solscan.io/tx/2shQp6aZFyBfcZ7qm4hY8KTkDx9sHwqWsKs5JkjcoNpbxnUKkoaeei2eQsSSxmtJ9yK8A4ZJZzp3fm14V81ZZpMa
2025-12-03T15:59:37.113Z,384231954,3ShjUvAKmQotLUy9A251jsqi5hpXmPSUX6eGerU3zgw7PxwamuzRYyTkZDFTpjzfBmGabHjshzVKE8Nq3QZ4VfFy,https://solscan.io/tx/3ShjUvAKmQotLUy9A251jsqi5hpXmPSUX6eGerU3zgw7PxwamuzRYyTkZDFTpjzfBmGabHjshzVKE8Nq3QZ4VfFy
2025-12-03T15:59:37.116Z,384231954,4CMwxXjFGCjM8qzi7ghknHuDjfxWZAWXhXSq9yFcE6qoCguQdt7oRKc7te5mamcnbWxduaGniNsV6QRWFm3NAP5L,https://solscan.io/tx/4CMwxXjFGCjM8qzi7ghknHuDjfxWZAWXhXSq9yFcE6qoCguQdt7oRKc7te5mamcnbWxduaGniNsV6QRWFm3NAP5L
2025-12-03T15:59:37.118Z,384231954,2b79PrRzxL68cdu3vRgLBEnAwaQpw9MvXxS1zsSzY4cyqviHQB8uNzCTcqJeHggSvqLjsAj9yp2fhYpdVJPCVbUF,https://solscan.io/tx/2b79PrRzxL68cdu3vRgLBEnAwaQpw9MvXxS1zsSzY4cyqviHQB8uNzCTcqJeHggSvqLjsAj9yp2fhYpdVJPCVbUF
2025-12-03T15:59:37.121Z,384231954,5qRRx9S3tP6KMfuw6xt1Z2Z1sRfmZ7WYGxTnWvjPDuoobz4ANvPfA9KWBfL9bEmVLqC85Xb1uA9iwSWCPFAN37e9,https://solscan.io/tx/5qRRx9S3tP6KMfuw6xt1Z2Z1sRfmZ7WYGxTnWvjPDuoobz4ANvPfA9KWBfL9bEmVLqC85Xb1uA9iwSWCPFAN37e9
2025-12-03T15:59:37.127Z,384231954,5EaoGV4TJZbRpuNA9jiCiSKnWnTz5XZ1Jk8qjbpLhsyH5mm4UbezBFBF7duWgmE312q45c6DFLSmnLS7oxW1N2Cx,https://solscan.io/tx/5EaoGV4TJZbRpuNA9jiCiSKnWnTz5XZ1Jk8qjbpLhsyH5mm4UbezBFBF7duWgmE312q45c6DFLSmnLS7oxW1N2Cx
2025-12-03T15:59:37.129Z,384231954,XcaNuMYtfV6Mxa5B2Dtv9S3imchXBtm7vd44cLAmGfzn2JbvS5k2UgMa7dKrfYntjgwy6tqXGfD6CFMF3n7RY58,https://solscan.io/tx/XcaNuMYtfV6Mxa5B2Dtv9S3imchXBtm7vd44cLAmGfzn2JbvS5k2UgMa7dKrfYntjgwy6tqXGfD6CFMF3n7RY58
2025-12-03T15:59:37.130Z,384231954,38vYwFX4h8S3uv5nbR6FG7omzciggLNGSLwqq7s917jero7tA8tLMr4ZXHcStPgokJk39yvv5psSwQUhdX7bs8kd,https://solscan.io/tx/38vYwFX4h8S3uv5nbR6FG7omzciggLNGSLwqq7s917jero7tA8tLMr4ZXHcStPgokJk39yvv5psSwQUhdX7bs8kd
2025-12-03T15:59:37.131Z,384231954,kCybR29S4uZADTWahDnybdNoUyTtm3oP4gB5qinidXyh8pZ3hiE4BjpJ4aVM1WFi7h1pLvmeQtqLh2t1jNyYG9e,https://solscan.io/tx/kCybR29S4uZADTWahDnybdNoUyTtm3oP4gB5qinidXyh8pZ3hiE4BjpJ4aVM1WFi7h1pLvmeQtqLh2t1jNyYG9e
2025-12-03T15:59:37.542Z,384231955,3yD9ER1Pb3kphtmsQsWDiWFDREYLRaosR7VpmpRweAbPY35GpLKMLgcow5DXLMPpnVvnKLJ5wYJWoAdoTzy8kJhf,https://solscan.io/tx/3yD9ER1Pb3kphtmsQsWDiWFDREYLRaosR7VpmpRweAbPY35GpLKMLgcow5DXLMPpnVvnKLJ5wYJWoAdoTzy8kJhf
2025-12-03T15:59:37.546Z,384231955,2FQprskcUyCe4ebbSakEiUJARsJAbPL5FwKKmgppJuWdPAKkzuthPu6k7F1ZEdNVwWEijGgLf6iAwUvRiGcqnTAn,https://solscan.io/tx/2FQprskcUyCe4ebbSakEiUJARsJAbPL5FwKKmgppJuWdPAKkzuthPu6k7F1ZEdNVwWEijGgLf6iAwUvRiGcqnTAn
2025-12-03T15:59:37.953Z,384231956,42Tk6C7Cs5oXz7iV2LBwv1eHCq1KB5ED31Nt8fddmRep8kvrW48yHDstbaZFc3Bn9kf3sFo9P3rWNZgCSnV7BcTA,https://solscan.io/tx/42Tk6C7Cs5oXz7iV2LBwv1eHCq1KB5ED31Nt8fddmRep8kvrW48yHDstbaZFc3Bn9kf3sFo9P3rWNZgCSnV7BcTA
2025-12-03T15:59:37.955Z,384231956,2zFG7X3Wcqsic9gBHBDCYwts85E3apZn7kf2tL4Y9Tuh9koAKZ63H8DZZLcqkezyhgoxtEeQHqsXWjkh8eyAeZZq,https://solscan.io/tx/2zFG7X3Wcqsic9gBHBDCYwts85E3apZn7kf2tL4Y9Tuh9koAKZ63H8DZZLcqkezyhgoxtEeQHqsXWjkh8eyAeZZq
2025-12-03T15:59:37.957Z,384231956,54FvNuLHF2MYJ6Yhef2Uez8RtBmRjQqZaU1CE5wGboU9S1ry7Bcv5eJiWV95rLTfvSSz2dR53QsmvXtctUvhDaRz,https://solscan.io/tx/54FvNuLHF2MYJ6Yhef2Uez8RtBmRjQqZaU1CE5wGboU9S1ry7Bcv5eJiWV95rLTfvSSz2dR53QsmvXtctUvhDaRz
2025-12-03T15:59:37.958Z,384231956,3yZjmbMWcohiCfSLc3VnbchPtPF4mLhrMKMfUGpy2Tw2FSCGRgTJycxsU1vcb7Spy3QfHjszqQdbRqSL1vHfnbt9,https://solscan.io/tx/3yZjmbMWcohiCfSLc3VnbchPtPF4mLhrMKMfUGpy2Tw2FSCGRgTJycxsU1vcb7Spy3QfHjszqQdbRqSL1vHfnbt9
2025-12-03T15:59:37.959Z,384231956,4GrpRufw2iRS57y7aKqNp76Lje9RDTu9iffy1rpUb83EWpAcsHXkQ2qBvjQRPKGnBamMWLJcLUrxZmGkq2rd5EVX,https://solscan.io/tx/4GrpRufw2iRS57y7aKqNp76Lje9RDTu9iffy1rpUb83EWpAcsHXkQ2qBvjQRPKGnBamMWLJcLUrxZmGkq2rd5EVX
2025-12-03T15:59:37.961Z,384231956,3Eo229YPhFoUodjHCUCGijKcDzG1J6Pn1udvcofLzRud5u7uUodH1LEXvw9xcJTsDDtZX9K6xceotcb1MH53tHPv,https://solscan.io/tx/3Eo229YPhFoUodjHCUCGijKcDzG1J6Pn1udvcofLzRud5u7uUodH1LEXvw9xcJTsDDtZX9K6xceotcb1MH53tHPv
2025-12-03T15:59:37.964Z,384231956,2yEuwwVubd2pHY3jC2BhPcAbkaiEv2iSckgVa8W3z8d6h9xmTaA1rsMWM8pmeRnQzSC46vox8BEcq9NenbJ4rZ5h,https://solscan.io/tx/2yEuwwVubd2pHY3jC2BhPcAbkaiEv2iSckgVa8W3z8d6h9xmTaA1rsMWM8pmeRnQzSC46vox8BEcq9NenbJ4rZ5h
2025-12-03T15:59:37.965Z,384231956,5QMJDP3U39k8SjGfPrQcGiYkrhqKj1XxF65Rch6cozF3CEWoLvZfnb5vXg9Hc12wpDqoZGqS9Vb4HQjqZvvRQMk5,https://solscan.io/tx/5QMJDP3U39k8SjGfPrQcGiYkrhqKj1XxF65Rch6cozF3CEWoLvZfnb5vXg9Hc12wpDqoZGqS9Vb4HQjqZvvRQMk5
2025-12-03T15:59:37.968Z,384231956,63LdAjm7BX9Kzb7TsTnuSjooj8Tt5ej5MLp9ZFy1mrNjZMBfQJsKGoxFDNpHxbr7pXSuJ93387wP2UtaeDFrt1HY,https://solscan.io/tx/63LdAjm7BX9Kzb7TsTnuSjooj8Tt5ej5MLp9ZFy1mrNjZMBfQJsKGoxFDNpHxbr7pXSuJ93387wP2UtaeDFrt1HY
2025-12-03T15:59:37.970Z,384231956,5zM3K9utauZzjnYY4aSbw8PyokfkTLQi6MqqMva1nvR5QMEefagU76AjZJDFoZsu6bdEj9EPedteTGdUUCxr5UY,https://solscan.io/tx/5zM3K9utauZzjnYY4aSbw8PyokfkTLQi6MqqMva1nvR5QMEefagU76AjZJDFoZsu6bdEj9EPedteTGdUUCxr5UY
2025-12-03T15:59:37.970Z,384231956,49aCZfVjSBY5aPHUbCw7hYfq6keiTzBpQtKWd9Bd6rcP64AGCT5Q9ZWosnCDiCTJqAEYnkBY4UxxCWjZgNpDnANa,https://solscan.io/tx/49aCZfVjSBY5aPHUbCw7hYfq6keiTzBpQtKWd9Bd6rcP64AGCT5Q9ZWosnCDiCTJqAEYnkBY4UxxCWjZgNpDnANa
2025-12-03T15:59:38.307Z,384231957,4VWuy5VgGduJPSnZNm57y5kLev4XoZUqfQTbNdLZhdv9ski9NJJRaGMv5d1fw7YdD5AgYNonwewcdC6fndZaED4L,https://solscan.io/tx/4VWuy5VgGduJPSnZNm57y5kLev4XoZUqfQTbNdLZhdv9ski9NJJRaGMv5d1fw7YdD5AgYNonwewcdC6fndZaED4L
2025-12-03T15:59:38.309Z,384231957,2Hbzj3zDx6bzqjprBcxsfjwoj8Cg7skL6pYt8eyKncKm1BYtstsokpCS3KXqVk3Hti2Ze5b99zBQfPvcj7vgLV1G,https://solscan.io/tx/2Hbzj3zDx6bzqjprBcxsfjwoj8Cg7skL6pYt8eyKncKm1BYtstsokpCS3KXqVk3Hti2Ze5b99zBQfPvcj7vgLV1G
2025-12-03T15:59:38.310Z,384231957,ZbHqnofFZH7keVmKr4WbBfTWSUP2LEbEmphUng9Ww4uicHdau3brJjNgt4j21nttw4ksJV5H236xMsEZKht4669,https://solscan.io/tx/ZbHqnofFZH7keVmKr4WbBfTWSUP2LEbEmphUng9Ww4uicHdau3brJjNgt4j21nttw4ksJV5H236xMsEZKht4669
2025-12-03T15:59:38.311Z,384231957,64YTdZyK61jhhoTYdCoG2XBdECsT7ukZoacMzshSXVjuvHaynkoaEbUULqqpJZhUnqJRwHCgr3JgMy1aD9cSCGN7,https://solscan.io/tx/64YTdZyK61jhhoTYdCoG2XBdECsT7ukZoacMzshSXVjuvHaynkoaEbUULqqpJZhUnqJRwHCgr3JgMy1aD9cSCGN7
2025-12-03T15:59:38.659Z,384231958,5y6RwF6vb61GnjvLqbpuF72qcmXd4zBYCa5zaWTvaWTdaVdZVoY56m9e7Yj4wHqZy78HT22cw1qfuC7nLiH6zLG2,https://solscan.io/tx/5y6RwF6vb61GnjvLqbpuF72qcmXd4zBYCa5zaWTvaWTdaVdZVoY56m9e7Yj4wHqZy78HT22cw1qfuC7nLiH6zLG2
2025-12-03T15:59:38.661Z,384231958,4LtzRWP3dCFcETUgoSQa8CxjUY1ye41JuvHTjgcmzKfq2bK19ArY6USawomB33CpRisxtZBaEfeFMdcJyS8vWr3z,https://solscan.io/tx/4LtzRWP3dCFcETUgoSQa8CxjUY1ye41JuvHTjgcmzKfq2bK19ArY6USawomB33CpRisxtZBaEfeFMdcJyS8vWr3z
2025-12-03T15:59:39.068Z,384231959,aousApPh72Puhr6fehUmcscC5araiUJ5HDGwVRC1WJpH1KjUuyeN76cKYPcAW8tVzyBqW66BGtikWyigHbuS3g3,https://solscan.io/tx/aousApPh72Puhr6fehUmcscC5araiUJ5HDGwVRC1WJpH1KjUuyeN76cKYPcAW8tVzyBqW66BGtikWyigHbuS3g3
2025-12-03T15:59:39.070Z,384231959,2FYy5MjpXBYUjT4PyTapSVeXns837xrUyVkiaGPTGXkyiRrdiC9t882PZ1KbevrM3VW6t2L93iZmb8DDiWuXSsgc,https://solscan.io/tx/2FYy5MjpXBYUjT4PyTapSVeXns837xrUyVkiaGPTGXkyiRrdiC9t882PZ1KbevrM3VW6t2L93iZmb8DDiWuXSsgc
2025-12-03T15:59:39.071Z,384231959,kxEGiiCRDvGJkR6DMDvJvPiz6ihaPNKSQHdyHvfieXiyEDEUxr7WASce7TZEono7frTy2zuYQgjwpKBFLQjNffC,https://solscan.io/tx/kxEGiiCRDvGJkR6DMDvJvPiz6ihaPNKSQHdyHvfieXiyEDEUxr7WASce7TZEono7frTy2zuYQgjwpKBFLQjNffC
2025-12-03T15:59:39.072Z,384231959,3SRKwBz9NDnhTptfo8ajSrMHWuz5vBD1HqF82mvKrTM17NGdp9XC4za1ZTjYA86Q59Nq8LYij3mCGnYAd41rfNs8,https://solscan.io/tx/3SRKwBz9NDnhTptfo8ajSrMHWuz5vBD1HqF82mvKrTM17NGdp9XC4za1ZTjYA86Q59Nq8LYij3mCGnYAd41rfNs8
2025-12-03T15:59:39.073Z,384231959,4m7gwxvP9SjkMAJT5bsh1xZqx6EQKfRf8jN3sRy57b8SMQju69EhiqNmf3moHDYW4F3BmdRYySG2q18b9okmJQzX,https://solscan.io/tx/4m7gwxvP9SjkMAJT5bsh1xZqx6EQKfRf8jN3sRy57b8SMQju69EhiqNmf3moHDYW4F3BmdRYySG2q18b9okmJQzX
2025-12-03T15:59:39.074Z,384231959,zxaMiDde2t61zQExHRczZ1meeDoZdrr6LyVeKfj5sohtc4MonJAmcHwkcLDT4APCTxuu4iidiUUNUK36z4qE5yW,https://solscan.io/tx/zxaMiDde2t61zQExHRczZ1meeDoZdrr6LyVeKfj5sohtc4MonJAmcHwkcLDT4APCTxuu4iidiUUNUK36z4qE5yW
2025-12-03T15:59:39.075Z,384231959,5ekkxeVQ1b6nVtufM3HaKfRhfXmY2TU4Rd8Av8KFUxkMHcfAQUHhXWUKws9dh8ddf8L8D8zdsZM9C5ahVWvJnW36,https://solscan.io/tx/5ekkxeVQ1b6nVtufM3HaKfRhfXmY2TU4Rd8Av8KFUxkMHcfAQUHhXWUKws9dh8ddf8L8D8zdsZM9C5ahVWvJnW36
2025-12-03T15:59:39.486Z,384231960,224JCe19RSkgxUGhX8AnCRzysDV1BC4jy8fwmsKxk5RSEYwSFjSYSrnGMaJm3BMWCw2eUwpcP3pQrUVmrEa4d2pD,https://solscan.io/tx/224JCe19RSkgxUGhX8AnCRzysDV1BC4jy8fwmsKxk5RSEYwSFjSYSrnGMaJm3BMWCw2eUwpcP3pQrUVmrEa4d2pD
2025-12-03T15:59:39.488Z,384231960,3j5PMdD9GGcumTxxpRgKX5S4nb7fexrVXCCtKPETAjuGUQDipq71bj7tpXEaFM3ehHsGkfxhjeTJBjm9g3RKzk56,https://solscan.io/tx/3j5PMdD9GGcumTxxpRgKX5S4nb7fexrVXCCtKPETAjuGUQDipq71bj7tpXEaFM3ehHsGkfxhjeTJBjm9g3RKzk56
2025-12-03T15:59:39.489Z,384231960,4FJmnaQFw33Eu9EgPHj1MJMDWztxAjUc284jqyX32hooe1RUECgxETgjs2yrrUG86YqFv2vWBWupcUN2Q6aNNLG5,https://solscan.io/tx/4FJmnaQFw33Eu9EgPHj1MJMDWztxAjUc284jqyX32hooe1RUECgxETgjs2yrrUG86YqFv2vWBWupcUN2Q6aNNLG5
2025-12-03T15:59:39.490Z,384231960,36iFirK1q8vP47ekMwYamXvMHpPsf686ifd2aHDr91wDMADvLdxF4fgBnXfUBjNxvPCoYQhoseLvk6AfTur81VA6,https://solscan.io/tx/36iFirK1q8vP47ekMwYamXvMHpPsf686ifd2aHDr91wDMADvLdxF4fgBnXfUBjNxvPCoYQhoseLvk6AfTur81VA6
2025-12-03T15:59:39.491Z,384231960,AhGMyD1YN2zPg3mavdfDBEoxgijbtN1aetGKyGBL3sXGfsjNTQHtaYJFXmweM9zod3LsaVwYzCVyte1ymck2C4K,https://solscan.io/tx/AhGMyD1YN2zPg3mavdfDBEoxgijbtN1aetGKyGBL3sXGfsjNTQHtaYJFXmweM9zod3LsaVwYzCVyte1ymck2C4K
2025-12-03T15:59:39.492Z,384231960,4dbKr9MEd97KYrR6d7eFyaqMBXng95TS9BDuVPnXZKbxghTZNuzkBQ7DDBnofAYiNpRwJ3FXUHE4Xv5oHV8UWiax,https://solscan.io/tx/4dbKr9MEd97KYrR6d7eFyaqMBXng95TS9BDuVPnXZKbxghTZNuzkBQ7DDBnofAYiNpRwJ3FXUHE4Xv5oHV8UWiax
2025-12-03T15:59:39.493Z,384231960,4vmdkUyhUtBzDC72BQ3SAtVP92FnwuknUU5xpDEUf1uSj2Yzd67PkxUHJzHWGNjarMNuc4LJCzdrLirLw3GKMDUX,https://solscan.io/tx/4vmdkUyhUtBzDC72BQ3SAtVP92FnwuknUU5xpDEUf1uSj2Yzd67PkxUHJzHWGNjarMNuc4LJCzdrLirLw3GKMDUX
2025-12-03T15:59:39.494Z,384231960,5jTYBJzynwP2jsbN3FTBetyCtGNYHA5amWeAMj91A5iK9iuAkzYCCdtnZsxex59is6SBVH9YhxLp6znSQhNGYkxY,https://solscan.io/tx/5jTYBJzynwP2jsbN3FTBetyCtGNYHA5amWeAMj91A5iK9iuAkzYCCdtnZsxex59is6SBVH9YhxLp6znSQhNGYkxY
2025-12-03T15:59:39.497Z,384231960,kHanH7bsXW3wv3ibnNGY7oNVF8ydvExiBTaW1BRbyF9xei9MyMq62JCJMxXePbNk2B7g87ucUrHXni1LY2cYGTe,https://solscan.io/tx/kHanH7bsXW3wv3ibnNGY7oNVF8ydvExiBTaW1BRbyF9xei9MyMq62JCJMxXePbNk2B7g87ucUrHXni1LY2cYGTe
2025-12-03T15:59:39.850Z,384231961,9qrNAcwj66zKtb7276Q2dXNJFzf6X7kk9fWCZGeWDE8VYizy12r2Mt34qt4mApjtmQnU8Jhxro5MFWGkhQHUZo4,https://solscan.io/tx/9qrNAcwj66zKtb7276Q2dXNJFzf6X7kk9fWCZGeWDE8VYizy12r2Mt34qt4mApjtmQnU8Jhxro5MFWGkhQHUZo4
2025-12-03T15:59:39.852Z,384231961,MEjoeemzBm9NVfFYc9YkF9UAazjCw1nMYzDPdgp4aABZuAhcKWw9WpaFFf1QKFm4JDaGGjwARHmnFXQnoYoRS7p,https://solscan.io/tx/MEjoeemzBm9NVfFYc9YkF9UAazjCw1nMYzDPdgp4aABZuAhcKWw9WpaFFf1QKFm4JDaGGjwARHmnFXQnoYoRS7p
2025-12-03T15:59:39.854Z,384231961,eSUuTQyCXP32qXJWeJdv5mkzrgkqrJgMqCWQgxx5C4qUYi1yTWP1jUQjRq4UV2Hwo2apqiKTbLeFYxDqZQvgHJX,https://solscan.io/tx/eSUuTQyCXP32qXJWeJdv5mkzrgkqrJgMqCWQgxx5C4qUYi1yTWP1jUQjRq4UV2Hwo2apqiKTbLeFYxDqZQvgHJX
2025-12-03T15:59:39.855Z,384231961,5Exi2eCZLgtabVsevCQcgHifpJfkJJmkC1BEQeLicZ7h5wLWfVu4txNmmLUvc4XZUrszGpX4iDRTzp2PNB3KgZEU,https://solscan.io/tx/5Exi2eCZLgtabVsevCQcgHifpJfkJJmkC1BEQeLicZ7h5wLWfVu4txNmmLUvc4XZUrszGpX4iDRTzp2PNB3KgZEU
2025-12-03T15:59:39.856Z,384231961,32skcYozkaebJ3kjyJ68YJ6RWvnCfC93kzT35F5V8BoTGwitZfAXL17JSZYpZjmne1GV93PYRhKwW47aVTqFVnqD,https://solscan.io/tx/32skcYozkaebJ3kjyJ68YJ6RWvnCfC93kzT35F5V8BoTGwitZfAXL17JSZYpZjmne1GV93PYRhKwW47aVTqFVnqD
2025-12-03T15:59:39.858Z,384231961,5Cf8E26VPihisx7KjxnDNojLENTu2GJdvvB9VujJK5E9NTdEK7SLTGPDm7Lbofs397SFsEkA4h4DUBkpYJ5sQdXo,https://solscan.io/tx/5Cf8E26VPihisx7KjxnDNojLENTu2GJdvvB9VujJK5E9NTdEK7SLTGPDm7Lbofs397SFsEkA4h4DUBkpYJ5sQdXo
2025-12-03T15:59:39.859Z,384231961,3AX51xR8jSx4jj6j6KgErJtSe6ADcYwnJy5nWJkpNLQpYZHfmXuE3d7GDa4bVSV5wB1ht8Fx74rPZDUnzt3fw7XM,https://solscan.io/tx/3AX51xR8jSx4jj6j6KgErJtSe6ADcYwnJy5nWJkpNLQpYZHfmXuE3d7GDa4bVSV5wB1ht8Fx74rPZDUnzt3fw7XM
2025-12-03T15:59:39.860Z,384231961,2FsoCw4o6VhTR9pgWctsTCjSvo6UEf8CvNaF1gZrUUSGVe6BcQVtMGmZ4BkAdrWW1AoLnajjEhFQTuv5uNf1uymH,https://solscan.io/tx/2FsoCw4o6VhTR9pgWctsTCjSvo6UEf8CvNaF1gZrUUSGVe6BcQVtMGmZ4BkAdrWW1AoLnajjEhFQTuv5uNf1uymH
2025-12-03T15:59:40.196Z,384231962,dLBbiDR2BXRdcy2uqu5wW6Hd55jbDx4FZYTnM3um1Trw8yqbKRTNvAEXth26PFqkNAizGknMK2fnUFZhxHb7UZq,https://solscan.io/tx/dLBbiDR2BXRdcy2uqu5wW6Hd55jbDx4FZYTnM3um1Trw8yqbKRTNvAEXth26PFqkNAizGknMK2fnUFZhxHb7UZq
2025-12-03T15:59:40.199Z,384231962,5WTe3wxu89TuL2BivSt4CEQftkwXZwTHWoWzXjkPfvM9to6s6aJ3s8RQm8cyhS3MvGksCvE2AgJJ1SesC2Bx3Kfa,https://solscan.io/tx/5WTe3wxu89TuL2BivSt4CEQftkwXZwTHWoWzXjkPfvM9to6s6aJ3s8RQm8cyhS3MvGksCvE2AgJJ1SesC2Bx3Kfa
2025-12-03T15:59:40.201Z,384231962,3sMnj1wGUQXwBCZj6gTXxUAskhijBwAQ8ix7L6WdtTxL2dbw75hSfogayafX9oA4mdfWd9J5C8aAMHYeNaUrq9b1,https://solscan.io/tx/3sMnj1wGUQXwBCZj6gTXxUAskhijBwAQ8ix7L6WdtTxL2dbw75hSfogayafX9oA4mdfWd9J5C8aAMHYeNaUrq9b1
2025-12-03T15:59:40.202Z,384231962,2k8Ch7c5fkRnWxGJcvwVBeTzUN2erftVthjLUZQNJQuohav62BAybZ9Mkm4HyYf4UpsFVzDjEvrTq2m8tB6AxgZB,https://solscan.io/tx/2k8Ch7c5fkRnWxGJcvwVBeTzUN2erftVthjLUZQNJQuohav62BAybZ9Mkm4HyYf4UpsFVzDjEvrTq2m8tB6AxgZB
2025-12-03T15:59:40.558Z,384231963,9jf9TrkKcVVnY8ssPydLm86UtbfbNyvCR7R5hGsVFrWSmLLYBZNSvYa7i3HbVZ18vzXJhZgNEQ4xwvD7fmTWqKH,https://solscan.io/tx/9jf9TrkKcVVnY8ssPydLm86UtbfbNyvCR7R5hGsVFrWSmLLYBZNSvYa7i3HbVZ18vzXJhZgNEQ4xwvD7fmTWqKH
2025-12-03T15:59:40.560Z,384231963,2d9r7GVQC4xpBbSzdbZXKEfT1H5gPE8DvKpFcSNL6JJWAEZper5xjxg8WFBUJMKy9BCdmvxGNBBot7wtGRA1pbtz,https://solscan.io/tx/2d9r7GVQC4xpBbSzdbZXKEfT1H5gPE8DvKpFcSNL6JJWAEZper5xjxg8WFBUJMKy9BCdmvxGNBBot7wtGRA1pbtz
2025-12-03T15:59:40.562Z,384231963,5ma4yYU9j2PxxCLycESDsfw955LxUxU93CwoRpPHXkP5GdfXvACZwvmK5vJASDwdwbRYfWYzyDG1ev3MtJYY7hGA,https://solscan.io/tx/5ma4yYU9j2PxxCLycESDsfw955LxUxU93CwoRpPHXkP5GdfXvACZwvmK5vJASDwdwbRYfWYzyDG1ev3MtJYY7hGA
2025-12-03T15:59:40.563Z,384231963,32y86KmPX1ZRDyUR9nLUsFqLBzva3XS4QhbkPuyhCu5MeZCN1cQZT5WeWVazR9rfSUtNJtPo91WtR5PATYPTZonw,https://solscan.io/tx/32y86KmPX1ZRDyUR9nLUsFqLBzva3XS4QhbkPuyhCu5MeZCN1cQZT5WeWVazR9rfSUtNJtPo91WtR5PATYPTZonw
2025-12-03T15:59:40.564Z,384231963,3s5H8PCDEvub72C4TA3YYuxu9LMse9qdnqgJ3M9Pxu2YR7MwFHNwzHqJk73yivT5bjiZgjBFN2tYa9NjudJuXRmg,https://solscan.io/tx/3s5H8PCDEvub72C4TA3YYuxu9LMse9qdnqgJ3M9Pxu2YR7MwFHNwzHqJk73yivT5bjiZgjBFN2tYa9NjudJuXRmg
2025-12-03T15:59:40.565Z,384231963,5BTuKCtXbiBcU7hGXbJJSKvY5cc6QLRmCA5qC81YiriSYW8KZN9ipQnrSpq5nnLTYBu5oSwiwaLJA4qvBpoRAKEn,https://solscan.io/tx/5BTuKCtXbiBcU7hGXbJJSKvY5cc6QLRmCA5qC81YiriSYW8KZN9ipQnrSpq5nnLTYBu5oSwiwaLJA4qvBpoRAKEn
2025-12-03T15:59:40.570Z,384231963,4PQBTHucF8DA4faGGNTjYTRC4jpdQEJMRVPAgseMGabcHVF6RQYwhoQ7gfQwHQ1LfW6HwUxx5wwXzAs6Q5NvtA4n,https://solscan.io/tx/4PQBTHucF8DA4faGGNTjYTRC4jpdQEJMRVPAgseMGabcHVF6RQYwhoQ7gfQwHQ1LfW6HwUxx5wwXzAs6Q5NvtA4n
2025-12-03T15:59:40.580Z,384231963,2TwtF7RwDUmvQji9woeUixsurZMPb2u21tWgxQfdouuZtK5bHEW7mze71VyiKRZn1HATaZR3G7zWEHFTW51PB27H,https://solscan.io/tx/2TwtF7RwDUmvQji9woeUixsurZMPb2u21tWgxQfdouuZtK5bHEW7mze71VyiKRZn1HATaZR3G7zWEHFTW51PB27H
2025-12-03T15:59:40.965Z,384231964,5r4pYTEdX7vMFsYLmFj5ErwdhFCXLj7t368A1uWuECLS7ytKtynxQfkcn4evNAq4Ekzhvc3neCrzbBfSmt3F1CjW,https://solscan.io/tx/5r4pYTEdX7vMFsYLmFj5ErwdhFCXLj7t368A1uWuECLS7ytKtynxQfkcn4evNAq4Ekzhvc3neCrzbBfSmt3F1CjW
2025-12-03T15:59:40.969Z,384231964,bTCiY2cjN9b4vzS462FB1mab9rc41hZtGbdfQ7bjqxuyyWjCpQM6NkwcEW38s6neEL9sXQkQzMku73vzxXw3x3m,https://solscan.io/tx/bTCiY2cjN9b4vzS462FB1mab9rc41hZtGbdfQ7bjqxuyyWjCpQM6NkwcEW38s6neEL9sXQkQzMku73vzxXw3x3m
2025-12-03T15:59:40.970Z,384231964,2kycyvqGbxKdupfw6rxh2bnpdw6ExnZcheYct88jsB6LXCkL8YNyzMjHEz3wDwKVAUyJUSQxeWQMq1ZdLGMNiqu7,https://solscan.io/tx/2kycyvqGbxKdupfw6rxh2bnpdw6ExnZcheYct88jsB6LXCkL8YNyzMjHEz3wDwKVAUyJUSQxeWQMq1ZdLGMNiqu7
2025-12-03T15:59:40.971Z,384231964,4zDxe9zG4DG7J63aRFdTa6cQsi165v6NTroj1dQmUG9JT7Rhcx8Ns98RT5FXbSk4kTCSatEd8rn3mDWHsutavtfF,https://solscan.io/tx/4zDxe9zG4DG7J63aRFdTa6cQsi165v6NTroj1dQmUG9JT7Rhcx8Ns98RT5FXbSk4kTCSatEd8rn3mDWHsutavtfF
2025-12-03T15:59:40.972Z,384231964,W5nuWR7CBQSVx1UvWbaNtEJ8oWo4WYxqj61sxHgMzzQWfkEPqwzu7NUeL6xXkrx4PQtkR1whq5KTqDdApd9Ja7a,https://solscan.io/tx/W5nuWR7CBQSVx1UvWbaNtEJ8oWo4WYxqj61sxHgMzzQWfkEPqwzu7NUeL6xXkrx4PQtkR1whq5KTqDdApd9Ja7a
2025-12-03T15:59:40.973Z,384231964,4vBu3a1P2J7yxBXoY9XBTjKe9HsGmQQ9XWFxjcejD4DzYSGKWttCMnhxYLSTAKUEefgFZE9KoM8XUhSJjJgPyV2b,https://solscan.io/tx/4vBu3a1P2J7yxBXoY9XBTjKe9HsGmQQ9XWFxjcejD4DzYSGKWttCMnhxYLSTAKUEefgFZE9KoM8XUhSJjJgPyV2b
2025-12-03T15:59:40.974Z,384231964,5EAJVHCwCv9F2gSJxQUeeAeLw29xpgqVZyfJCBMjXvUYNBuuBg8rKjsjKn5JMUJy99UHzAbx433KahyRnTP2n4Sa,https://solscan.io/tx/5EAJVHCwCv9F2gSJxQUeeAeLw29xpgqVZyfJCBMjXvUYNBuuBg8rKjsjKn5JMUJy99UHzAbx433KahyRnTP2n4Sa
2025-12-03T15:59:40.975Z,384231964,2LJQBVDE6w7JYuNe7oevk4zjvnqLxw1LU2wsJ5f1CBceJHugNKTrDQ2hczs8hBVGLrHQ3e1cHKXmpvGs5dSrUh7j,https://solscan.io/tx/2LJQBVDE6w7JYuNe7oevk4zjvnqLxw1LU2wsJ5f1CBceJHugNKTrDQ2hczs8hBVGLrHQ3e1cHKXmpvGs5dSrUh7j
2025-12-03T15:59:40.976Z,384231964,5qRCmydasqYbFc1z3rXgosEepvhusgtm2LkKi283yszLQFeVAW4YkwRcL2fUDv5QjmztYuuYW4VBN3F9u1tNpGwh,https://solscan.io/tx/5qRCmydasqYbFc1z3rXgosEepvhusgtm2LkKi283yszLQFeVAW4YkwRcL2fUDv5QjmztYuuYW4VBN3F9u1tNpGwh
2025-12-03T15:59:41.320Z,384231965,2Y2dxKDvL7iTTzpB1wDBDdxRux83srcku9LC6ZFv3diVuxxiUvkA8EKibsybymFCG8oBFibSohZUMp8UBReNZXZZ,https://solscan.io/tx/2Y2dxKDvL7iTTzpB1wDBDdxRux83srcku9LC6ZFv3diVuxxiUvkA8EKibsybymFCG8oBFibSohZUMp8UBReNZXZZ
2025-12-03T15:59:41.323Z,384231965,35PuyfQM8eViGhMLunncJCrjYYSUuHPZNBuxpEk6BK198reqGmUzWyEpzdAshtg1Hys6CYdsosRJzBmUZiky5G41,https://solscan.io/tx/35PuyfQM8eViGhMLunncJCrjYYSUuHPZNBuxpEk6BK198reqGmUzWyEpzdAshtg1Hys6CYdsosRJzBmUZiky5G41
2025-12-03T15:59:41.325Z,384231965,KqrhVyvyGFUAsX58mjmPK648apDGS1mAJwzGqR1qHPBR428Eby93oYYhwHcfKN84g5MgRk4RduNxEhksAKbkeiz,https://solscan.io/tx/KqrhVyvyGFUAsX58mjmPK648apDGS1mAJwzGqR1qHPBR428Eby93oYYhwHcfKN84g5MgRk4RduNxEhksAKbkeiz
2025-12-03T15:59:41.326Z,384231965,43Ua2qgL28C8h9CnvHgnvnknNtnHMtHBq5FbLJvpi2oipxBcFC3f8MaSbtjCuBvtEgJeX5LMB5EcqMrWQESJMLHm,https://solscan.io/tx/43Ua2qgL28C8h9CnvHgnvnknNtnHMtHBq5FbLJvpi2oipxBcFC3f8MaSbtjCuBvtEgJeX5LMB5EcqMrWQESJMLHm
2025-12-03T15:59:41.327Z,384231965,2kCxnTTmjx5oJ1U3egBBv18kuVcFTew3rYroSRHBs9AHDMcHhpqwqFprLd6B3mLfo5UG9pqtxZiWQD3nEeNVkR2N,https://solscan.io/tx/2kCxnTTmjx5oJ1U3egBBv18kuVcFTew3rYroSRHBs9AHDMcHhpqwqFprLd6B3mLfo5UG9pqtxZiWQD3nEeNVkR2N
2025-12-03T15:59:41.328Z,384231965,4EYs3ATbNc12rwuCrDXBDjcgRNaVG47fRvHPu1J8U7XfgvHneF5Rt5E9UbYB58rvA5HENpkQ1nMqZx4PTFiKAriq,https://solscan.io/tx/4EYs3ATbNc12rwuCrDXBDjcgRNaVG47fRvHPu1J8U7XfgvHneF5Rt5E9UbYB58rvA5HENpkQ1nMqZx4PTFiKAriq
2025-12-03T15:59:41.329Z,384231965,4kAfx68Tn2qtkb5k9qdkSF4pwM7dQbjNXCdMZHrWGw5AuLeraGowUnm7uojUzkjbLzUioMUHtwLUhQ9EBfmNPFwR,https://solscan.io/tx/4kAfx68Tn2qtkb5k9qdkSF4pwM7dQbjNXCdMZHrWGw5AuLeraGowUnm7uojUzkjbLzUioMUHtwLUhQ9EBfmNPFwR
2025-12-03T15:59:41.330Z,384231965,41W8UxCog8qFrq6Ym2km65wMVhvTFSBwB3PgoBGt5Zm9tkGB4sv6KJ6FKMH26bx22An6iAcEYYxNqAdMqVHFrZzK,https://solscan.io/tx/41W8UxCog8qFrq6Ym2km65wMVhvTFSBwB3PgoBGt5Zm9tkGB4sv6KJ6FKMH26bx22An6iAcEYYxNqAdMqVHFrZzK
2025-12-03T15:59:41.331Z,384231965,4jvvGuGQBXpjBnAKopuR2ZfqRwhtGXPG3ZJoJVE1kZyenyzRhrQPkt7xr6FC78xjKwuTo6RqcmgkuwT3JZUbneQT,https://solscan.io/tx/4jvvGuGQBXpjBnAKopuR2ZfqRwhtGXPG3ZJoJVE1kZyenyzRhrQPkt7xr6FC78xjKwuTo6RqcmgkuwT3JZUbneQT
2025-12-03T15:59:41.333Z,384231965,3kR2NSfV8fyAe8jc1Ztb6QQCQu4GfmJoGGhxuWHHm94a77UyB39hEqxmGZ2bphcvuGLhNUwKP8ek5A8fqPY7XLig,https://solscan.io/tx/3kR2NSfV8fyAe8jc1Ztb6QQCQu4GfmJoGGhxuWHHm94a77UyB39hEqxmGZ2bphcvuGLhNUwKP8ek5A8fqPY7XLig
2025-12-03T15:59:41.334Z,384231965,2ZAoSdRRiDfAQxKg4C2dCUG7h8wwT9LqAw8Ehuhj7P1a4p3pXu6Utb4w3r9ry7Uc4GovFbLFYEbZjLkvd6M7BpSD,https://solscan.io/tx/2ZAoSdRRiDfAQxKg4C2dCUG7h8wwT9LqAw8Ehuhj7P1a4p3pXu6Utb4w3r9ry7Uc4GovFbLFYEbZjLkvd6M7BpSD
2025-12-03T15:59:41.336Z,384231965,3V9k8yY6yjEnrZaBRq5pXGu7ChUPBR7wVSXMk48FWuFgdYDZRFUe1tYhcUpYAtwE3rQ8WhymU7u7DN5cPoaXa7zW,https://solscan.io/tx/3V9k8yY6yjEnrZaBRq5pXGu7ChUPBR7wVSXMk48FWuFgdYDZRFUe1tYhcUpYAtwE3rQ8WhymU7u7DN5cPoaXa7zW
2025-12-03T15:59:41.337Z,384231965,3hZGevaGXC46otcQegEVArbPdEy64gzFM23G1woXg8ugzPjj7qwooqWBEtET2ynEoWZr4zsHDponjCPrGEP5kqX1,https://solscan.io/tx/3hZGevaGXC46otcQegEVArbPdEy64gzFM23G1woXg8ugzPjj7qwooqWBEtET2ynEoWZr4zsHDponjCPrGEP5kqX1
2025-12-03T15:59:41.339Z,384231965,3duH5jtbYtp6322m2ohLfJzRajDMvgH3CqNnFh1Tmhdfo8eBt9TxEgPU2FwdcsZT1M7ktxx5u9fd83UmLtWRNLAg,https://solscan.io/tx/3duH5jtbYtp6322m2ohLfJzRajDMvgH3CqNnFh1Tmhdfo8eBt9TxEgPU2FwdcsZT1M7ktxx5u9fd83UmLtWRNLAg
2025-12-03T15:59:41.683Z,384231966,648JFpyqEfDQrNGgqqXkCav8jmcsHrSk1Q94svbLAQN9ovf7b1m3Vs2T9iKvCgifDVM9EUy9AHfECQwAtdbZBPey,https://solscan.io/tx/648JFpyqEfDQrNGgqqXkCav8jmcsHrSk1Q94svbLAQN9ovf7b1m3Vs2T9iKvCgifDVM9EUy9AHfECQwAtdbZBPey
2025-12-03T15:59:41.685Z,384231966,5F51tnXtZBAPcyGDa9ALJMT5ik2qD97uDYC93sAxw8ipbwAHviAH4fqVeQwy7LcBDK55nwub8VeL45q5NNdmKYyg,https://solscan.io/tx/5F51tnXtZBAPcyGDa9ALJMT5ik2qD97uDYC93sAxw8ipbwAHviAH4fqVeQwy7LcBDK55nwub8VeL45q5NNdmKYyg
2025-12-03T15:59:41.686Z,384231966,3YzWworBWscKsZSybFEpCQJDsKpouzBw3Red1QotVGhLXg98Z9QncjHtzFjUq8ZHmkSTRTYxsXpobNxm3FhBjCkH,https://solscan.io/tx/3YzWworBWscKsZSybFEpCQJDsKpouzBw3Red1QotVGhLXg98Z9QncjHtzFjUq8ZHmkSTRTYxsXpobNxm3FhBjCkH
2025-12-03T15:59:41.688Z,384231966,5vgiaqCZM1PFZmjnBFn5GT33LdXrKJ28kcq24KBYFB5yWmP86ee4o7eWojGtNNHkLvodsE59WsMqjsAyrMG2wtVa,https://solscan.io/tx/5vgiaqCZM1PFZmjnBFn5GT33LdXrKJ28kcq24KBYFB5yWmP86ee4o7eWojGtNNHkLvodsE59WsMqjsAyrMG2wtVa
2025-12-03T15:59:41.689Z,384231966,4mcR75BfDwdZ1QDahsKZPCQL4R5oGdRYuueQpN8W9QbMTw5Cff6FvopdH8RHqWssyZCptyCW2wbMqUxShjtHKMcW,https://solscan.io/tx/4mcR75BfDwdZ1QDahsKZPCQL4R5oGdRYuueQpN8W9QbMTw5Cff6FvopdH8RHqWssyZCptyCW2wbMqUxShjtHKMcW
2025-12-03T15:59:41.691Z,384231966,3mQJdcitHCC7HxuYYfRoPGzUbuf7eQBzGWPu5j7mxz3x1TRkBef4r7ZMcGkiL5vUXiKudpEHNwfFfiuhX45n3JnL,https://solscan.io/tx/3mQJdcitHCC7HxuYYfRoPGzUbuf7eQBzGWPu5j7mxz3x1TRkBef4r7ZMcGkiL5vUXiKudpEHNwfFfiuhX45n3JnL
2025-12-03T15:59:41.692Z,384231966,3zf5hw5gvpKtNi9oUVmmD5iqmFgxnxWhJ5kHPUos4jujCQ55P3K8YXTTUvisgHUWh46Jz8t7CEnEUPNoFfPykjK,https://solscan.io/tx/3zf5hw5gvpKtNi9oUVmmD5iqmFgxnxWhJ5kHPUos4jujCQ55P3K8YXTTUvisgHUWh46Jz8t7CEnEUPNoFfPykjK
2025-12-03T15:59:41.693Z,384231966,639r4iU2FPPhgqJn41E4C74T89RNazR2Jk9EZRHeydwuAr626QQT2D88YRivEqDjPm4tXdPre6Jt5TSQjYmz4M6,https://solscan.io/tx/639r4iU2FPPhgqJn41E4C74T89RNazR2Jk9EZRHeydwuAr626QQT2D88YRivEqDjPm4tXdPre6Jt5TSQjYmz4M6
2025-12-03T15:59:41.695Z,384231966,2v1tWnvCv3CFQpaYSrM2xgAUVrV5kZf8TxRB8rz8CqeaqQ82ipgow4cREDdUBUcEF6ySMZvW3feHVkkEYWHvn9ft,https://solscan.io/tx/2v1tWnvCv3CFQpaYSrM2xgAUVrV5kZf8TxRB8rz8CqeaqQ82ipgow4cREDdUBUcEF6ySMZvW3feHVkkEYWHvn9ft
2025-12-03T15:59:41.697Z,384231966,2zyR5LLA38A1YcdzvJ1UY5K5uZ8GQYXd361Uhi6AcVKj2A8kSMgvHc8Lm9NY4hgj668o2EHZQTjYtiYWmRXeQUtE,https://solscan.io/tx/2zyR5LLA38A1YcdzvJ1UY5K5uZ8GQYXd361Uhi6AcVKj2A8kSMgvHc8Lm9NY4hgj668o2EHZQTjYtiYWmRXeQUtE
2025-12-03T15:59:41.697Z,384231966,2STksatoYyS8pC14x7fs5wQkWhz2P9RdUiEffr9DiCCJhMH6DuJ5kieJa5Lg5qPR1T4PPs2isNFkp294Y1AtQDBj,https://solscan.io/tx/2STksatoYyS8pC14x7fs5wQkWhz2P9RdUiEffr9DiCCJhMH6DuJ5kieJa5Lg5qPR1T4PPs2isNFkp294Y1AtQDBj
2025-12-03T15:59:41.698Z,384231966,AopzpyeeVn2xdAkf81rTZ2KS4sD5aN6QZJ5SnVCptdB8hEAcwZXL75w2PGufmeRHQAQCVccWTnVo73Yj73bgGzH,https://solscan.io/tx/AopzpyeeVn2xdAkf81rTZ2KS4sD5aN6QZJ5SnVCptdB8hEAcwZXL75w2PGufmeRHQAQCVccWTnVo73Yj73bgGzH
2025-12-03T15:59:42.065Z,384231967,5AGrZK95vba6CspPTUF7zxxhcMyUQT37ow6tGghbefwDk6cpcrM9E8j31Br9nNmzqDnL7twYS4fgY1af446ozcz4,https://solscan.io/tx/5AGrZK95vba6CspPTUF7zxxhcMyUQT37ow6tGghbefwDk6cpcrM9E8j31Br9nNmzqDnL7twYS4fgY1af446ozcz4
2025-12-03T15:59:42.066Z,384231967,T6GeA2NVmev5o4yTYFHDdL7FJwHcizGVR65oZRMi77skPHMcgYsrzgSSVv8USiHzuuLe2cRk3r6rwkf57rQ3oCn,https://solscan.io/tx/T6GeA2NVmev5o4yTYFHDdL7FJwHcizGVR65oZRMi77skPHMcgYsrzgSSVv8USiHzuuLe2cRk3r6rwkf57rQ3oCn
2025-12-03T15:59:42.068Z,384231967,4DCRUZLocL1ggWtWyYYuAf1vMfw2g8JPFApsbHvbWL4ERAGjocKGRFkqUvWg6hgVMmP6miAFwzJU4MQWST9czoLf,https://solscan.io/tx/4DCRUZLocL1ggWtWyYYuAf1vMfw2g8JPFApsbHvbWL4ERAGjocKGRFkqUvWg6hgVMmP6miAFwzJU4MQWST9czoLf
2025-12-03T15:59:42.069Z,384231967,62sDD2KBbGnyAmJ22nE2AFNRjV45hTcrGkKZxSrQ7Kbc32QyZPV93NZQUJcMxQKk7ugmRYFh4sTZVBZRqp9nL8By,https://solscan.io/tx/62sDD2KBbGnyAmJ22nE2AFNRjV45hTcrGkKZxSrQ7Kbc32QyZPV93NZQUJcMxQKk7ugmRYFh4sTZVBZRqp9nL8By
2025-12-03T15:59:42.070Z,384231967,YuthCakibeP3q5Dz7h5RARjFUm93W6T1T4dtuk9BnYiihsFYRZLUjbJHEvot2W3jkYpdsFk3hTvvFg1BmgQcENr,https://solscan.io/tx/YuthCakibeP3q5Dz7h5RARjFUm93W6T1T4dtuk9BnYiihsFYRZLUjbJHEvot2W3jkYpdsFk3hTvvFg1BmgQcENr
2025-12-03T15:59:42.071Z,384231967,3LLauf16mdnfDr1Kyi1VGV1ZPdXT2opFCUg2DNMNZyyp4L3g2u1ne7AsJqTPM2XXANNbK23B4okadNd2xn9YLk6q,https://solscan.io/tx/3LLauf16mdnfDr1Kyi1VGV1ZPdXT2opFCUg2DNMNZyyp4L3g2u1ne7AsJqTPM2XXANNbK23B4okadNd2xn9YLk6q
2025-12-03T15:59:42.072Z,384231967,2SUweM9LKhuACDxdBsizBX8iGgjERJg7FC63packpGNwxTG8wMw4eiCXAF46mtDfcC9N46xdKMxzFJdyYQku42PF,https://solscan.io/tx/2SUweM9LKhuACDxdBsizBX8iGgjERJg7FC63packpGNwxTG8wMw4eiCXAF46mtDfcC9N46xdKMxzFJdyYQku42PF
2025-12-03T15:59:42.420Z,384231968,haNNQt2K1AQZaH4WQCnNs1sqDKxnwtQnkrxU77mhw5QC63uGhc42uX2XyP78ryWgMwcWak4u72cep93xqnCSbA3,https://solscan.io/tx/haNNQt2K1AQZaH4WQCnNs1sqDKxnwtQnkrxU77mhw5QC63uGhc42uX2XyP78ryWgMwcWak4u72cep93xqnCSbA3
2025-12-03T16:00:03.578Z,384232020,4L1WhzNFYWiBtLz9WYRab8wZMd7iuPRQXUSFkY9udjs1XGoXjuPw1BoXD8BpsF6t1EJLCSbdn8Pg8YA49PsyPh8V,https://solscan.io/tx/4L1WhzNFYWiBtLz9WYRab8wZMd7iuPRQXUSFkY9udjs1XGoXjuPw1BoXD8BpsF6t1EJLCSbdn8Pg8YA49PsyPh8V
2025-12-03T16:00:03.581Z,384232020,VsWkK5PwKVcHdH7oRd7WKZGCL8UB42rx1raZAgPhevWvPo3hnHVi2QSSyHPS1571CgPzgWaQnBQ1jDRwddXDq9v,https://solscan.io/tx/VsWkK5PwKVcHdH7oRd7WKZGCL8UB42rx1raZAgPhevWvPo3hnHVi2QSSyHPS1571CgPzgWaQnBQ1jDRwddXDq9v
2025-12-03T16:00:03.584Z,384232020,56vF5vcUqhLUYVHKwwdZDZWZXHfA2BVgsZK7s9NBJhYjNzWv4vAPV5mJnBUWB8cMUy6vmPqzMzKyLgPuPD6ezkos,https://solscan.io/tx/56vF5vcUqhLUYVHKwwdZDZWZXHfA2BVgsZK7s9NBJhYjNzWv4vAPV5mJnBUWB8cMUy6vmPqzMzKyLgPuPD6ezkos
2025-12-03T16:00:03.585Z,384232020,2cKnVwRPM6HMBD1PHqHz7MbmmNHnr8Gk2bcGF6FBWqn1NJSGUttA4brxsPTFET6xDM9CTSvMQnrnwXi7f4GTb1qJ,https://solscan.io/tx/2cKnVwRPM6HMBD1PHqHz7MbmmNHnr8Gk2bcGF6FBWqn1NJSGUttA4brxsPTFET6xDM9CTSvMQnrnwXi7f4GTb1qJ
2025-12-03T16:00:03.587Z,384232020,3iyZySKueikXJgmmBRSaszywGqteksH4JhZHdM6SK7RFuAeFwSaYxUvsrJiRdCmnU4hQyqnbEGA2UJu7rLHzUsE2,https://solscan.io/tx/3iyZySKueikXJgmmBRSaszywGqteksH4JhZHdM6SK7RFuAeFwSaYxUvsrJiRdCmnU4hQyqnbEGA2UJu7rLHzUsE2
2025-12-03T16:00:03.590Z,384232020,3c9jWr3ue3ozHFUGUR4AQCbQrVpY29K3LzaGDeexgqjrGnKmh573FsFQwhQMKnSduXmAS4zLrFsBCTipgFXWfZES,https://solscan.io/tx/3c9jWr3ue3ozHFUGUR4AQCbQrVpY29K3LzaGDeexgqjrGnKmh573FsFQwhQMKnSduXmAS4zLrFsBCTipgFXWfZES
2025-12-03T16:00:03.592Z,384232020,67qyZgqdPci2o1DthUt4E1Y58R6imGutnMGTxcQ1vdLcVjzXsj5b5xtXFsMTNNqycD4qBzrhTXsGCGnQaXD3Bq5j,https://solscan.io/tx/67qyZgqdPci2o1DthUt4E1Y58R6imGutnMGTxcQ1vdLcVjzXsj5b5xtXFsMTNNqycD4qBzrhTXsGCGnQaXD3Bq5j
2025-12-03T16:00:03.594Z,384232020,3MdTtWBv5fbyhVEGEcQxKaJLHXqU8hM7upbbod1s9DGB4RhgihrYMALhSyNbYr9w3nPebJzeRRDSVAP7LfjYqqtE,https://solscan.io/tx/3MdTtWBv5fbyhVEGEcQxKaJLHXqU8hM7upbbod1s9DGB4RhgihrYMALhSyNbYr9w3nPebJzeRRDSVAP7LfjYqqtE
2025-12-03T16:00:03.597Z,384232020,3jsRuGS9JRSuAbdCcEdmP4p6A6ny3Xw23LfuzNGsUkubyaiZRypURkTFkG4uCvRRK76xzCdYypvP9wz8mS1kv6rA,https://solscan.io/tx/3jsRuGS9JRSuAbdCcEdmP4p6A6ny3Xw23LfuzNGsUkubyaiZRypURkTFkG4uCvRRK76xzCdYypvP9wz8mS1kv6rA
2025-12-03T16:00:03.612Z,384232020,5M6o2HGF6Nf4FxuAJuJj9FmbVYHJ6UB8CLJqxg4TVpgydcUoEUR7zDAAN8VK3j83ZLC72h6aBo42s7WVjhr2KAnM,https://solscan.io/tx/5M6o2HGF6Nf4FxuAJuJj9FmbVYHJ6UB8CLJqxg4TVpgydcUoEUR7zDAAN8VK3j83ZLC72h6aBo42s7WVjhr2KAnM
2025-12-03T16:00:03.616Z,384232020,ViAhjBWkM2abEC7dHm332w8Wh2Vs47rAQMkBSvJoEF1oamzHHwxTxxowRAvpZSqmqVRntzbgKc8zWfLW6pii7AK,https://solscan.io/tx/ViAhjBWkM2abEC7dHm332w8Wh2Vs47rAQMkBSvJoEF1oamzHHwxTxxowRAvpZSqmqVRntzbgKc8zWfLW6pii7AK
2025-12-03T16:00:03.623Z,384232020,3ayBmqJqWSyQ1fdrt7kcqHDU74tMk2ALKFLU3zUuKRdjaR1LC6sBbdttCfiZfbT8ng4vzPh69FmJGyACa9x7wKpg,https://solscan.io/tx/3ayBmqJqWSyQ1fdrt7kcqHDU74tMk2ALKFLU3zUuKRdjaR1LC6sBbdttCfiZfbT8ng4vzPh69FmJGyACa9x7wKpg
2025-12-03T16:00:03.625Z,384232020,5m63jQwtzTF6EfFiG1EUwruSRoncTjuMTR8LcvWq1umjuepCts1krDFmqzuUPFDygCuymeDYt5F8EdfTuaDyeH4C,https://solscan.io/tx/5m63jQwtzTF6EfFiG1EUwruSRoncTjuMTR8LcvWq1umjuepCts1krDFmqzuUPFDygCuymeDYt5F8EdfTuaDyeH4C
2025-12-03T16:00:03.626Z,384232020,3o4mrBJ7QiMD9wHnjkr91gNj4LDc5FjYYZJ8WbHXLRzSR4bDfGbTHNNUK7T9cB37HsLbSEmoj7cMc8y2HkXG7XZx,https://solscan.io/tx/3o4mrBJ7QiMD9wHnjkr91gNj4LDc5FjYYZJ8WbHXLRzSR4bDfGbTHNNUK7T9cB37HsLbSEmoj7cMc8y2HkXG7XZx
2025-12-03T16:00:03.631Z,384232020,4o9bkNVgS23GXbyTZUteq1bgZKERUqGwDHAEtDnjz5dG5Q2gV1ymZtnmWnS88VNFiYXKPFNh24asXpQp2R47LZbN,https://solscan.io/tx/4o9bkNVgS23GXbyTZUteq1bgZKERUqGwDHAEtDnjz5dG5Q2gV1ymZtnmWnS88VNFiYXKPFNh24asXpQp2R47LZbN
2025-12-03T16:00:03.637Z,384232020,vDtnagpaKT7VX2MfFRrhgpcXu5xN3GiP299B5j3n3sdxBXZLqzhC4oJkUgVucc8UEr4qJg1mTFpmVaFyeWtui82,https://solscan.io/tx/vDtnagpaKT7VX2MfFRrhgpcXu5xN3GiP299B5j3n3sdxBXZLqzhC4oJkUgVucc8UEr4qJg1mTFpmVaFyeWtui82
2025-12-03T16:00:03.639Z,384232020,5jPaW2d7zWyr74qPFjQNvyuVb1UH9fqzpkzLQ5MUzak67DdL7bDEaFMYanaztb7hGXm1ZRQWXGgpVtX5G4dZnrFx,https://solscan.io/tx/5jPaW2d7zWyr74qPFjQNvyuVb1UH9fqzpkzLQ5MUzak67DdL7bDEaFMYanaztb7hGXm1ZRQWXGgpVtX5G4dZnrFx
2025-12-03T16:00:03.642Z,384232020,3tAg2dzAqtR14vTMrRTBEWCfoGwnUoSk6whJfTL6W4EiRaMSBAyEUVGvHeCX43mjgTEGyRB2FpxY4CvAB1P44FWN,https://solscan.io/tx/3tAg2dzAqtR14vTMrRTBEWCfoGwnUoSk6whJfTL6W4EiRaMSBAyEUVGvHeCX43mjgTEGyRB2FpxY4CvAB1P44FWN
2025-12-03T16:00:03.645Z,384232020,3NTjMafdqKkGHcaFzdWzTtsmn988BZfPLnKfmjtD7hXzgbmFYzvXyFc7sKi6ZgHEn7Y3mq9SdEkhYXyYAR2ebR54,https://solscan.io/tx/3NTjMafdqKkGHcaFzdWzTtsmn988BZfPLnKfmjtD7hXzgbmFYzvXyFc7sKi6ZgHEn7Y3mq9SdEkhYXyYAR2ebR54
2025-12-03T16:00:03.647Z,384232020,4veUd8FeHt5VCYhDs9ujt4qVw8QXCZbRs24TreX5s5Ky1GhfA7NwxLgjRYGRD7QGUf6f931AvLmtZBjFfkaP6ipW,https://solscan.io/tx/4veUd8FeHt5VCYhDs9ujt4qVw8QXCZbRs24TreX5s5Ky1GhfA7NwxLgjRYGRD7QGUf6f931AvLmtZBjFfkaP6ipW
2025-12-03T16:00:03.654Z,384232020,4wXPGjGqvapp5LiVSQ2YNbRWHViWCvT8njcQxrP8goXchkBr2kLpMoYB9UqN2m6JpTTHU6n6giPatgR33PUtdm8S,https://solscan.io/tx/4wXPGjGqvapp5LiVSQ2YNbRWHViWCvT8njcQxrP8goXchkBr2kLpMoYB9UqN2m6JpTTHU6n6giPatgR33PUtdm8S
2025-12-03T16:00:03.656Z,384232020,2emGfaw8NLQqWSgaS73rQN2KrYe8vWAEav2BJitLFEBasa3YoexZyTsh3v3w9Zov4GUSo7joFkst7AZubjpSphjP,https://solscan.io/tx/2emGfaw8NLQqWSgaS73rQN2KrYe8vWAEav2BJitLFEBasa3YoexZyTsh3v3w9Zov4GUSo7joFkst7AZubjpSphjP
2025-12-03T16:00:04.065Z,384232021,3eEZT37XXDdajyTJa7GvVuksivdBP6CBRyo5XamdUiXMHjTnWTcY1GKmmBGp25xg94GT4jk6mhnDp6ac3reKDxT9,https://solscan.io/tx/3eEZT37XXDdajyTJa7GvVuksivdBP6CBRyo5XamdUiXMHjTnWTcY1GKmmBGp25xg94GT4jk6mhnDp6ac3reKDxT9
2025-12-03T16:00:04.081Z,384232021,2vmkpLhfycM1eb6t9DLriytu5c88Vpz4Pk8okyhHpafPQa7HnxXndrhqZF4sHqPF6zN8DL9BwFLQ58cx7PFZ49rF,https://solscan.io/tx/2vmkpLhfycM1eb6t9DLriytu5c88Vpz4Pk8okyhHpafPQa7HnxXndrhqZF4sHqPF6zN8DL9BwFLQ58cx7PFZ49rF
2025-12-03T16:00:04.083Z,384232021,6Kgbuqg3ULCGtzzy9aFVDgNutqPCKFno99y1mKVNTpsnd2LRxZemvFE5FBK8BjiqpsP9SDLUAty8JP2mDzXBPuJ,https://solscan.io/tx/6Kgbuqg3ULCGtzzy9aFVDgNutqPCKFno99y1mKVNTpsnd2LRxZemvFE5FBK8BjiqpsP9SDLUAty8JP2mDzXBPuJ
2025-12-03T16:00:04.085Z,384232021,9NrdFX5Vhr6BLsRDqteW75sG5L3YTCBESeLzB9dZr84pPEQadmvUPykePPUzLkQoC5YFYkJd2VYpFXcYsd9CYgU,https://solscan.io/tx/9NrdFX5Vhr6BLsRDqteW75sG5L3YTCBESeLzB9dZr84pPEQadmvUPykePPUzLkQoC5YFYkJd2VYpFXcYsd9CYgU
2025-12-03T16:00:04.086Z,384232021,3sKzT4j7HMZiLRhf5H1DgJmaYqseuzQthR4XAgRtvrPidyBrqpMTnKmUmQkuAxeaf9tjZTxrHowPPGknUQwgVjdi,https://solscan.io/tx/3sKzT4j7HMZiLRhf5H1DgJmaYqseuzQthR4XAgRtvrPidyBrqpMTnKmUmQkuAxeaf9tjZTxrHowPPGknUQwgVjdi
2025-12-03T16:00:04.087Z,384232021,2hsjmJSs8mUKdajWiGrwELwPbHWxU7zw1tnfbge1oYMW8xiaxH9LVsMZYaRHuBn8v5TmVFm1QkxUsixKpKUMrPct,https://solscan.io/tx/2hsjmJSs8mUKdajWiGrwELwPbHWxU7zw1tnfbge1oYMW8xiaxH9LVsMZYaRHuBn8v5TmVFm1QkxUsixKpKUMrPct
2025-12-03T16:00:04.089Z,384232021,2nEkHetTqWMeF2XmeBusN2UrBAcAfUvUag2etzyzs7RKzgdAswAmPz9Y7WyA3prTKBh4cLJ7NaTxumAzE8ibzj26,https://solscan.io/tx/2nEkHetTqWMeF2XmeBusN2UrBAcAfUvUag2etzyzs7RKzgdAswAmPz9Y7WyA3prTKBh4cLJ7NaTxumAzE8ibzj26
2025-12-03T16:00:04.090Z,384232021,2Nzdcauh9cZz4mLyvGLQBsdegfEi3fG58UanPwEzdm3wGeub6LQXBUaHgXppmWzzFuXKd3CKLBidHEHP33S9fUH5,https://solscan.io/tx/2Nzdcauh9cZz4mLyvGLQBsdegfEi3fG58UanPwEzdm3wGeub6LQXBUaHgXppmWzzFuXKd3CKLBidHEHP33S9fUH5
2025-12-03T16:00:04.269Z,384232022,4SR9w8piDvJ3mJYxM5A3uF2xfqnWpCUYkrMWCkXzURhH9iPyVhex4gMn29Hv6uBdYAfCJmDGeoQWyC3bbczj8QCq,https://solscan.io/tx/4SR9w8piDvJ3mJYxM5A3uF2xfqnWpCUYkrMWCkXzURhH9iPyVhex4gMn29Hv6uBdYAfCJmDGeoQWyC3bbczj8QCq
2025-12-03T16:00:04.271Z,384232022,53HhBBUvpPVftGUSm5bjggPucoZrCpSosLF38MaEmtakUrGm8DGHKqjdkoeLzp6bwYaE6Qcn1GQvcLpxsRE7tG7P,https://solscan.io/tx/53HhBBUvpPVftGUSm5bjggPucoZrCpSosLF38MaEmtakUrGm8DGHKqjdkoeLzp6bwYaE6Qcn1GQvcLpxsRE7tG7P
2025-12-03T16:00:04.281Z,384232022,3wyfezH74LSrmNcgBpdych6X8UXCT5RPAmQiZG6m331LTPRqmEmEc6aP5W3ikEZChGhZ6wThfuEu31AwaoHgs1kD,https://solscan.io/tx/3wyfezH74LSrmNcgBpdych6X8UXCT5RPAmQiZG6m331LTPRqmEmEc6aP5W3ikEZChGhZ6wThfuEu31AwaoHgs1kD
2025-12-03T16:00:04.781Z,384232023,k4TLaGrogTRUdr5unGdue9wiLHCGk9VNdzwXTekp1MDpGhgLH8HE61asnzb5VxnFm6dhLsQUkWxNRtA1ydLoQkv,https://solscan.io/tx/k4TLaGrogTRUdr5unGdue9wiLHCGk9VNdzwXTekp1MDpGhgLH8HE61asnzb5VxnFm6dhLsQUkWxNRtA1ydLoQkv
2025-12-03T16:00:04.783Z,384232023,2gLvkjLNJF74TPbiixq5mjVcGtjhuHXiixRDRuZthB5j6tpFQjNr3ymXmnzN3qB1fuxQ8quY2ViwBKnXgoeeY2Gy,https://solscan.io/tx/2gLvkjLNJF74TPbiixq5mjVcGtjhuHXiixRDRuZthB5j6tpFQjNr3ymXmnzN3qB1fuxQ8quY2ViwBKnXgoeeY2Gy
2025-12-03T16:00:04.784Z,384232023,4hFp4B9XPVw53gvuP5XD3hgGmWRwo5BfnCCGemAM92ZbWwW7GQcCB7DGx4PJgRcKDjQiwPr12fJfNp2HD24RWMcW,https://solscan.io/tx/4hFp4B9XPVw53gvuP5XD3hgGmWRwo5BfnCCGemAM92ZbWwW7GQcCB7DGx4PJgRcKDjQiwPr12fJfNp2HD24RWMcW
2025-12-03T16:00:04.785Z,384232023,NhpUmTX7Ym289zf9QK8udpZyA71GtKT76eCT65gqyfEFBJv9MqEh39DvSaJ19bTR8FoPurTrJGHMCdty6mUwaRF,https://solscan.io/tx/NhpUmTX7Ym289zf9QK8udpZyA71GtKT76eCT65gqyfEFBJv9MqEh39DvSaJ19bTR8FoPurTrJGHMCdty6mUwaRF
2025-12-03T16:00:04.786Z,384232023,2z57zJn2HYc9yJL2r1G7WF47wxBpjddy9zTJF4jjA6Wg2nqCFh7NiyTBgJx19FKMoAmEkNnL1m2GmrvP8uzxTfEV,https://solscan.io/tx/2z57zJn2HYc9yJL2r1G7WF47wxBpjddy9zTJF4jjA6Wg2nqCFh7NiyTBgJx19FKMoAmEkNnL1m2GmrvP8uzxTfEV
2025-12-03T16:00:04.787Z,384232023,2umMxYMJAu14zbPxxn6GVfAxgpU5qAPLDWNKt75drL13fzz6tJqybXYpcye2dPZZvhBmsyurX5LwRaB6bs5mwWfo,https://solscan.io/tx/2umMxYMJAu14zbPxxn6GVfAxgpU5qAPLDWNKt75drL13fzz6tJqybXYpcye2dPZZvhBmsyurX5LwRaB6bs5mwWfo
2025-12-03T16:00:04.788Z,384232023,4VHsCehB1x5f3WP4mm6jYGARWAPLq13tLGLSd28MnUiuC4Tn6Nwm2tiotY7bt1Sm4F4ARrVyyFjAPsbdHCHx1fsi,https://solscan.io/tx/4VHsCehB1x5f3WP4mm6jYGARWAPLq13tLGLSd28MnUiuC4Tn6Nwm2tiotY7bt1Sm4F4ARrVyyFjAPsbdHCHx1fsi
2025-12-03T16:00:04.789Z,384232023,4i73Ds5VmrA9Chep2qfJScwrguRUVUU7d9pW3BULrPRtK9kfM5BUTPZoSrKvrcJPxXTa2yMtkPdUkuu2CNDLhU7m,https://solscan.io/tx/4i73Ds5VmrA9Chep2qfJScwrguRUVUU7d9pW3BULrPRtK9kfM5BUTPZoSrKvrcJPxXTa2yMtkPdUkuu2CNDLhU7m
2025-12-03T16:00:04.791Z,384232023,5QvAuBhKpRsS1m48VBjWE8fyMK9JGp8e2pjVYt3dhXzUwe6y14JdEkxkN3Bi6g58SoB8YeSd3wDsnYJMFHBccpiw,https://solscan.io/tx/5QvAuBhKpRsS1m48VBjWE8fyMK9JGp8e2pjVYt3dhXzUwe6y14JdEkxkN3Bi6g58SoB8YeSd3wDsnYJMFHBccpiw
2025-12-03T16:00:04.793Z,384232023,ER1tkPXfBYrFUAWHrEoPeSFjxKTe3g8MfC9m2yYi9PMuhnxvtC2nPVSgBFBaHE5u9K1BmeqSCMy27JU35ytnDPW,https://solscan.io/tx/ER1tkPXfBYrFUAWHrEoPeSFjxKTe3g8MfC9m2yYi9PMuhnxvtC2nPVSgBFBaHE5u9K1BmeqSCMy27JU35ytnDPW
2025-12-03T16:00:04.793Z,384232023,48zPzsFtmQHan7uh1beUYWoxGD1WeNo9tpFXS32XyAWidps77w2hezmjGrcvdJdWy8EtbkZSPuNvqwHUZ2Jd8Xf4,https://solscan.io/tx/48zPzsFtmQHan7uh1beUYWoxGD1WeNo9tpFXS32XyAWidps77w2hezmjGrcvdJdWy8EtbkZSPuNvqwHUZ2Jd8Xf4
2025-12-03T16:00:04.795Z,384232023,3HSYzx8Mnwjk6hzgnFP9V5CobkHv2TtJcoDLJuhr4FNASJhVp2nJL13VKuu9mqGM9A4kGQamyFZ3p9HmXqVJeJ6k,https://solscan.io/tx/3HSYzx8Mnwjk6hzgnFP9V5CobkHv2TtJcoDLJuhr4FNASJhVp2nJL13VKuu9mqGM9A4kGQamyFZ3p9HmXqVJeJ6k
2025-12-03T16:00:04.796Z,384232023,5ANkzE7NrKiBSWjadRVq9GfL7HbMp2byR1xBVwYsXoE8DxbqtNYBGhix57j4gHCPnZovBmCKyR3UWUtJEUsi256Y,https://solscan.io/tx/5ANkzE7NrKiBSWjadRVq9GfL7HbMp2byR1xBVwYsXoE8DxbqtNYBGhix57j4gHCPnZovBmCKyR3UWUtJEUsi256Y
2025-12-03T16:00:04.797Z,384232023,4MyZe5WmnT89EppmTGibMtHCrUb8i1HCs9XRBD9d9XFv4dhwDEnKahyhKj4umycnDGby5X16xTA8syrX7dGzBUMs,https://solscan.io/tx/4MyZe5WmnT89EppmTGibMtHCrUb8i1HCs9XRBD9d9XFv4dhwDEnKahyhKj4umycnDGby5X16xTA8syrX7dGzBUMs
2025-12-03T16:00:06.038Z,384232024,Ra2Z8ZxUL6aV8EmZoHkPkACMjKoSyh8y1gQ17dwKTTCRks3rw2MkzpV2EB4WvC8L3cbi8TaJQfQyzsNA2LGoSfn,https://solscan.io/tx/Ra2Z8ZxUL6aV8EmZoHkPkACMjKoSyh8y1gQ17dwKTTCRks3rw2MkzpV2EB4WvC8L3cbi8TaJQfQyzsNA2LGoSfn
2025-12-03T16:00:06.040Z,384232024,2i4pbnbw9DS3jFfmNVot7C33bomTxVxUigNWJnznsDgaMSxjXjWf2ZMcY1UY8poLGnTpRxuXGsKSegExqrfwSrbb,https://solscan.io/tx/2i4pbnbw9DS3jFfmNVot7C33bomTxVxUigNWJnznsDgaMSxjXjWf2ZMcY1UY8poLGnTpRxuXGsKSegExqrfwSrbb
2025-12-03T16:00:06.042Z,384232024,3bycbs5n2iPavPbt54ewsKuTXedKf9QXqwVchL4NzVjXH95hvu4xZE6pdfL6XJGc7ux697o1qeNi9ei81wkt9htJ,https://solscan.io/tx/3bycbs5n2iPavPbt54ewsKuTXedKf9QXqwVchL4NzVjXH95hvu4xZE6pdfL6XJGc7ux697o1qeNi9ei81wkt9htJ
2025-12-03T16:00:06.043Z,384232024,2GwyTavhCiq5kgcnaKiPAqNdpHZEzyGJ4Xt5j9toCL5cx3duUdsGhT5F2UoN7tkvihuNC1ZYhNirnWidEr1JwgBA,https://solscan.io/tx/2GwyTavhCiq5kgcnaKiPAqNdpHZEzyGJ4Xt5j9toCL5cx3duUdsGhT5F2UoN7tkvihuNC1ZYhNirnWidEr1JwgBA
2025-12-03T16:00:06.044Z,384232024,2tpwua9bdabv9DUThBMJx4gwPtRjzoumxSESSX3XNhph6ZoWaK6P63oMrm7Xpbfb59kZTHp8pUt7niWdmYC5tchq,https://solscan.io/tx/2tpwua9bdabv9DUThBMJx4gwPtRjzoumxSESSX3XNhph6ZoWaK6P63oMrm7Xpbfb59kZTHp8pUt7niWdmYC5tchq
2025-12-03T16:00:06.045Z,384232024,62SJqFimSox3nVFvB9dN3Tg6g9WKzysbzNpVj155G14c8t4qYimm9utDZ5VHUQgnBMYaTvQDDTw6wADcEtVfnkyh,https://solscan.io/tx/62SJqFimSox3nVFvB9dN3Tg6g9WKzysbzNpVj155G14c8t4qYimm9utDZ5VHUQgnBMYaTvQDDTw6wADcEtVfnkyh
2025-12-03T16:00:06.047Z,384232024,3aRLwXzapjhwQkRCv6wV9V2yBRoFV3r9vK2kUgSj4837Lps6uTE2DWSAeVUSxiWfVqHarPKcHhwx5xFLCgQwjTkE,https://solscan.io/tx/3aRLwXzapjhwQkRCv6wV9V2yBRoFV3r9vK2kUgSj4837Lps6uTE2DWSAeVUSxiWfVqHarPKcHhwx5xFLCgQwjTkE
2025-12-03T16:00:06.049Z,384232024,4gvqePRGGbpkdbHwBwxUfqRNNxrp2G8hPa94CRX2vkxV5vdXhByCZLia3qkyE6VpHVdHE523unBnWh426afnn4rq,https://solscan.io/tx/4gvqePRGGbpkdbHwBwxUfqRNNxrp2G8hPa94CRX2vkxV5vdXhByCZLia3qkyE6VpHVdHE523unBnWh426afnn4rq
2025-12-03T16:00:06.052Z,384232024,37y7xDfNvkzbRgtMB9f2AUemXt6mHot2jGgnoPRjbmXdT3GXuUyQ3FzeBuVNVqDNcSvVj1Mrt4mWUNvFDogWwCZN,https://solscan.io/tx/37y7xDfNvkzbRgtMB9f2AUemXt6mHot2jGgnoPRjbmXdT3GXuUyQ3FzeBuVNVqDNcSvVj1Mrt4mWUNvFDogWwCZN
2025-12-03T16:00:06.054Z,384232024,2JKXDdfUuMDRNAZgCZrBgmj4fuFGuSssNz2SE4t9ueabi6gyfXy64NXpSCXW8DvLSXqJTEca2wev2PZPUVfMTxSM,https://solscan.io/tx/2JKXDdfUuMDRNAZgCZrBgmj4fuFGuSssNz2SE4t9ueabi6gyfXy64NXpSCXW8DvLSXqJTEca2wev2PZPUVfMTxSM
2025-12-03T16:00:06.056Z,384232024,5C8nKsJbYEw1Hm4xmkf8wcGocCnk5ccns88xeESX2uQfRAEdM1gAa3gQe1W1Jbw5NvFTNBVmuUFdWFqW3LfEYsbW,https://solscan.io/tx/5C8nKsJbYEw1Hm4xmkf8wcGocCnk5ccns88xeESX2uQfRAEdM1gAa3gQe1W1Jbw5NvFTNBVmuUFdWFqW3LfEYsbW
2025-12-03T16:00:06.057Z,384232024,4SWWr1H783oELccZFfPYDAHaQ3McskpNd3so239idNoh5gFnn5oiNGC93VQ9yGWgtFZuejpzNkZTWyiT4yEyJAJi,https://solscan.io/tx/4SWWr1H783oELccZFfPYDAHaQ3McskpNd3so239idNoh5gFnn5oiNGC93VQ9yGWgtFZuejpzNkZTWyiT4yEyJAJi
2025-12-03T16:00:06.058Z,384232024,L4pywxn1jXbgFHJrRGRRPLvGq29WF918zkEwCkLBPFt12jZXB8CMY5au8jQqN3pwj6UUmkrKPEtQQ9CFqX2Wfrz,https://solscan.io/tx/L4pywxn1jXbgFHJrRGRRPLvGq29WF918zkEwCkLBPFt12jZXB8CMY5au8jQqN3pwj6UUmkrKPEtQQ9CFqX2Wfrz
2025-12-03T16:00:06.059Z,384232024,4GE8yQ6JjqT9EyBYcLYbFLqxemyEsdgaro5xYAtPBQP8GS3teicTaYQk3qPLnyCaStysHze5StUQSZdZZGwArbGa,https://solscan.io/tx/4GE8yQ6JjqT9EyBYcLYbFLqxemyEsdgaro5xYAtPBQP8GS3teicTaYQk3qPLnyCaStysHze5StUQSZdZZGwArbGa
2025-12-03T16:00:06.060Z,384232024,4jn24oqkr4uZNg4s64mwuCSgNpeV5jJAYaFKP5mQKqKKaauoxgiwgmW8bxxA1zfznnQbXNXDqZdjFd5jW29yxSaj,https://solscan.io/tx/4jn24oqkr4uZNg4s64mwuCSgNpeV5jJAYaFKP5mQKqKKaauoxgiwgmW8bxxA1zfznnQbXNXDqZdjFd5jW29yxSaj
2025-12-03T16:00:06.061Z,384232024,5Gv5dZqA5amDvGhQ5AoaBvifMC4j9L2xjo32tT4JHgZqwuUXrosSd3UaNj8jUpqCF515RXUZEsFQrJLyz1LwpVXn,https://solscan.io/tx/5Gv5dZqA5amDvGhQ5AoaBvifMC4j9L2xjo32tT4JHgZqwuUXrosSd3UaNj8jUpqCF515RXUZEsFQrJLyz1LwpVXn
2025-12-03T16:00:06.063Z,384232024,eGdWjoR5JqCVquxhnTF6UQZd9sxsBPTcT8ZT93AN3TxfDBsrEc87GiXoMdx7o7yRNzWVKejTrV1t6qTCwp6GnpE,https://solscan.io/tx/eGdWjoR5JqCVquxhnTF6UQZd9sxsBPTcT8ZT93AN3TxfDBsrEc87GiXoMdx7o7yRNzWVKejTrV1t6qTCwp6GnpE
2025-12-03T16:00:06.071Z,384232024,qPTo5pYabHB6LubBLTSExpohacBdHGavdVReyEN1oYu5Kwn3jPcsrfBezbJr8MN6M7SC2DjoESxLyW6nn5Pg5pR,https://solscan.io/tx/qPTo5pYabHB6LubBLTSExpohacBdHGavdVReyEN1oYu5Kwn3jPcsrfBezbJr8MN6M7SC2DjoESxLyW6nn5Pg5pR
2025-12-03T16:00:06.073Z,384232024,5wduZEtstd4cG1W6pC98MDbm3p343q7TKPSa9ScPL2eTnRRpL7aXQyF9kJa6MZBdRidFPve2uuporcWGXMZjnBgh,https://solscan.io/tx/5wduZEtstd4cG1W6pC98MDbm3p343q7TKPSa9ScPL2eTnRRpL7aXQyF9kJa6MZBdRidFPve2uuporcWGXMZjnBgh
2025-12-03T16:00:06.076Z,384232024,4DtBM8F9PgHStpgHMsz7cxANBmy4Nqa9vcWvPqAsvQH4xUCfEzKVCf1QBKiyPyEc7dxybU6EecJLx1SvW9hLkdt8,https://solscan.io/tx/4DtBM8F9PgHStpgHMsz7cxANBmy4Nqa9vcWvPqAsvQH4xUCfEzKVCf1QBKiyPyEc7dxybU6EecJLx1SvW9hLkdt8
2025-12-03T16:00:06.077Z,384232024,5eUBVsmXLSbQweJBFz3zcrL1pDSDhG5fvv5HKtm78nebMGNs9kBjPzoEhqrxhkjJ2H2uUL1Nn7Cmae43ZgzGLmW,https://solscan.io/tx/5eUBVsmXLSbQweJBFz3zcrL1pDSDhG5fvv5HKtm78nebMGNs9kBjPzoEhqrxhkjJ2H2uUL1Nn7Cmae43ZgzGLmW
2025-12-03T16:00:06.078Z,384232024,2N8U521Mcz9CsggKJLPiDrxfZooigsAoJ1xbsBwVETCMQt3C4fRubioEzmfkUNgCN7tQcTfPwtUgqtj5mR7Uh5fj,https://solscan.io/tx/2N8U521Mcz9CsggKJLPiDrxfZooigsAoJ1xbsBwVETCMQt3C4fRubioEzmfkUNgCN7tQcTfPwtUgqtj5mR7Uh5fj
2025-12-03T16:00:06.082Z,384232024,2RU6YuZXgfjWoxs1eRK47BbWmuC4ChJ9de6TmXBvJ5vhrGsG5BMzkbpm52MfQd7xNRkk6Z1YTRMNTqph3mCHZVnC,https://solscan.io/tx/2RU6YuZXgfjWoxs1eRK47BbWmuC4ChJ9de6TmXBvJ5vhrGsG5BMzkbpm52MfQd7xNRkk6Z1YTRMNTqph3mCHZVnC
2025-12-03T16:00:06.084Z,384232024,U3n6t5CzdzP3nyrYZALC6W2KxXmNjFFJgNWFJcTF1XTLfzcdAtES2PdmnsoYCbSVY3QJdaFagiydz4DSUugfKQi,https://solscan.io/tx/U3n6t5CzdzP3nyrYZALC6W2KxXmNjFFJgNWFJcTF1XTLfzcdAtES2PdmnsoYCbSVY3QJdaFagiydz4DSUugfKQi
2025-12-03T16:00:06.088Z,384232024,2txtFd15uers7wNfeMnG4VxrBqYCwb8GzzTXRc7Pysor3J9neFHGRu4bVcfmamESuzv1ExTwSrPYed6A1AHXeEwL,https://solscan.io/tx/2txtFd15uers7wNfeMnG4VxrBqYCwb8GzzTXRc7Pysor3J9neFHGRu4bVcfmamESuzv1ExTwSrPYed6A1AHXeEwL
2025-12-03T16:00:06.089Z,384232024,2usGUPy42EFrE6grJYUzwZ8M9dtjwMCBT3yCs1ZQ9XdNVjidtPvy8dQXCq1An1tZcGUs3AbtcovAbQQkwjoeCxY5,https://solscan.io/tx/2usGUPy42EFrE6grJYUzwZ8M9dtjwMCBT3yCs1ZQ9XdNVjidtPvy8dQXCq1An1tZcGUs3AbtcovAbQQkwjoeCxY5
2025-12-03T16:00:06.091Z,384232024,QVsQjVpw91qafvCuqjQV21M2hvkzJJNtmxtkzewjcqYjFbTTbXLBGswK4xkwwD2bEpUfm87NiYfmPdtZrdjZMSi,https://solscan.io/tx/QVsQjVpw91qafvCuqjQV21M2hvkzJJNtmxtkzewjcqYjFbTTbXLBGswK4xkwwD2bEpUfm87NiYfmPdtZrdjZMSi
2025-12-03T16:00:06.092Z,384232024,65f2mN6QUfiGkAjCnyfcNQ2omuT453wkSdDSPs9JuAVpVWRiatQxGUPze343PHa91RvWCs5DAv6CnDkACyNzBqj7,https://solscan.io/tx/65f2mN6QUfiGkAjCnyfcNQ2omuT453wkSdDSPs9JuAVpVWRiatQxGUPze343PHa91RvWCs5DAv6CnDkACyNzBqj7
2025-12-03T16:00:06.093Z,384232024,2MH2sReEURHaTLRuTBcWnfwfBeqyHbXk8A94HeSnUg1RS1RAvGe9Eu5xLvVcwzf3sBfVxqe52yHiJzeBSNcEVhot,https://solscan.io/tx/2MH2sReEURHaTLRuTBcWnfwfBeqyHbXk8A94HeSnUg1RS1RAvGe9Eu5xLvVcwzf3sBfVxqe52yHiJzeBSNcEVhot
2025-12-03T16:00:06.095Z,384232024,2mKvUEAwg7EcjyRE2H4PgUHmuqWqph92G66gKwSS7KgA9QCcLGhR42EdmB1yEYjJCz5xV8F7vUyZzkJD9wtwTtY2,https://solscan.io/tx/2mKvUEAwg7EcjyRE2H4PgUHmuqWqph92G66gKwSS7KgA9QCcLGhR42EdmB1yEYjJCz5xV8F7vUyZzkJD9wtwTtY2
2025-12-03T16:00:06.096Z,384232024,2Tg2Zq6SA6ApWEBcQRL9JyYoChUJ18pgF6Xm3DDVN5viJkgWGrXB65JL5gERodUGStv6An7YYupCYoKfX8obPLQS,https://solscan.io/tx/2Tg2Zq6SA6ApWEBcQRL9JyYoChUJ18pgF6Xm3DDVN5viJkgWGrXB65JL5gERodUGStv6An7YYupCYoKfX8obPLQS
2025-12-03T16:00:06.097Z,384232024,5hBJ7Pzkr9vFxUgN828uVzyUMGgLs4HZRb5NnGKksY7voQfTJxXMLE6M89m4XhJ2vG5VCD3ud7qyduYPdmH1YQ9h,https://solscan.io/tx/5hBJ7Pzkr9vFxUgN828uVzyUMGgLs4HZRb5NnGKksY7voQfTJxXMLE6M89m4XhJ2vG5VCD3ud7qyduYPdmH1YQ9h
2025-12-03T16:00:06.099Z,384232024,3bYh4XcS7Uz499hc7RscKoauQE25EujxKQSiDnCmM62surqAfTFNGT1TM5vzrrXUkZ4sTwYYmVUEuNWGP9E6HzYK,https://solscan.io/tx/3bYh4XcS7Uz499hc7RscKoauQE25EujxKQSiDnCmM62surqAfTFNGT1TM5vzrrXUkZ4sTwYYmVUEuNWGP9E6HzYK
2025-12-03T16:00:06.101Z,384232024,5Y7dEyXmn5APKGtt2MKp59W7TzcLSwoAA6B4HJeBBE3xJ6gWhAMiaf5MmeXzAZRKgMsGZg6qjMuieEbmVZ8swvWG,https://solscan.io/tx/5Y7dEyXmn5APKGtt2MKp59W7TzcLSwoAA6B4HJeBBE3xJ6gWhAMiaf5MmeXzAZRKgMsGZg6qjMuieEbmVZ8swvWG
2025-12-03T16:00:06.103Z,384232024,5VovYAiq5MtPfuyCnUgP4WxrhVFe17y5ctiHrJi4HM49dk1wHk7L7sFSL3mzj68egXeJMJeZ853cuCAVZ7u3Ppbo,https://solscan.io/tx/5VovYAiq5MtPfuyCnUgP4WxrhVFe17y5ctiHrJi4HM49dk1wHk7L7sFSL3mzj68egXeJMJeZ853cuCAVZ7u3Ppbo
2025-12-03T16:00:06.104Z,384232024,x2Kptrv3j3bN5eE7SsRgVi1kSJQZYfi3N8YdD9qqNs16ayxY9ZQZCuk8dziMNbVQqKS23sB3QKs2eRTZXMt3YYh,https://solscan.io/tx/x2Kptrv3j3bN5eE7SsRgVi1kSJQZYfi3N8YdD9qqNs16ayxY9ZQZCuk8dziMNbVQqKS23sB3QKs2eRTZXMt3YYh
2025-12-03T16:00:06.105Z,384232024,2gXdi6U6jGpxbDi6dfVccgGJJgmdcLWLA73seoUXf1P4FEca8Y6DFnX3ykEJpegsMqgE77SVrNQPCLktvJoB1mtd,https://solscan.io/tx/2gXdi6U6jGpxbDi6dfVccgGJJgmdcLWLA73seoUXf1P4FEca8Y6DFnX3ykEJpegsMqgE77SVrNQPCLktvJoB1mtd
2025-12-03T16:00:06.106Z,384232024,354wDg1LGozqna5g8pYdhkKiB9bA9twwgxUrwTmSGFdBrm7iMriniWr7TKi6ocCXNiC5NWLiVmm1XCdqbDP85hxW,https://solscan.io/tx/354wDg1LGozqna5g8pYdhkKiB9bA9twwgxUrwTmSGFdBrm7iMriniWr7TKi6ocCXNiC5NWLiVmm1XCdqbDP85hxW
2025-12-03T16:00:06.107Z,384232024,5SwVmhsSWavudU4e1XXU9RF4YbrjAtaEQywZTavhaU5J62EB79jxYrBtBjztHPkXChGH8vZv44W4hpDUBKwdb776,https://solscan.io/tx/5SwVmhsSWavudU4e1XXU9RF4YbrjAtaEQywZTavhaU5J62EB79jxYrBtBjztHPkXChGH8vZv44W4hpDUBKwdb776
2025-12-03T16:00:06.373Z,384232025,434HQH1yqa6qEdCHq3C7FQ3zcPNZ5fbPtiLwWWNvrhVPXhJWYGX21tnyKGZv4YRhqNqx2iHmsBEZvKjTRP69Cfg7,https://solscan.io/tx/434HQH1yqa6qEdCHq3C7FQ3zcPNZ5fbPtiLwWWNvrhVPXhJWYGX21tnyKGZv4YRhqNqx2iHmsBEZvKjTRP69Cfg7
2025-12-03T16:00:06.375Z,384232025,cAhtuepQXedqSNqKC1dLfFoc7tvhvQe491F6miqwGiGFqRcERgCipg24fiyAv46BzgcZi8Dj9oy5gc8U83MW7gD,https://solscan.io/tx/cAhtuepQXedqSNqKC1dLfFoc7tvhvQe491F6miqwGiGFqRcERgCipg24fiyAv46BzgcZi8Dj9oy5gc8U83MW7gD
2025-12-03T16:00:06.376Z,384232025,64ZLk43FaJmCYDciHK8UtD3341YKgapHgoeseuYf7zFXB9Zju5oGKAaqHz13YsNdaS1M2qvPxZW2WWKJBPHJVPzN,https://solscan.io/tx/64ZLk43FaJmCYDciHK8UtD3341YKgapHgoeseuYf7zFXB9Zju5oGKAaqHz13YsNdaS1M2qvPxZW2WWKJBPHJVPzN
2025-12-03T16:00:06.377Z,384232025,96rLmGv8VG9NcprfBBUHHFTe7jGiUUZRVqhTZ4f9Mcu7UuuuMQr6BtfHeWiwePJK548qB8k8DkRXbD486qiHKMg,https://solscan.io/tx/96rLmGv8VG9NcprfBBUHHFTe7jGiUUZRVqhTZ4f9Mcu7UuuuMQr6BtfHeWiwePJK548qB8k8DkRXbD486qiHKMg
2025-12-03T16:00:06.684Z,384232026,grCCR9dg379FfXBZecaDBdBEYLhiTYGqxTAkHzXdQCHhsdLsJ1jAP6T3NZqnhdikrfi5dJiPJKHeyHiaRuBNAg4,https://solscan.io/tx/grCCR9dg379FfXBZecaDBdBEYLhiTYGqxTAkHzXdQCHhsdLsJ1jAP6T3NZqnhdikrfi5dJiPJKHeyHiaRuBNAg4
2025-12-03T16:00:06.685Z,384232026,4p1UvNYvWqHCbKRzCJqGmoHRo45f2qSskcSsMYcuRH2xd3qMnGucKTc9QkUwNvF85girSe5WzZgmM56Z4DX1ewBa,https://solscan.io/tx/4p1UvNYvWqHCbKRzCJqGmoHRo45f2qSskcSsMYcuRH2xd3qMnGucKTc9QkUwNvF85girSe5WzZgmM56Z4DX1ewBa
2025-12-03T16:00:06.687Z,384232026,5EUWTDuAQ9D9tTB6p54CnvgQ5RtUpvomxAoU8qCJm1STw7e6SFRUGH1LJrE9az9ZGoiJ5L8QhoLkkgVAKTnBQmx,https://solscan.io/tx/5EUWTDuAQ9D9tTB6p54CnvgQ5RtUpvomxAoU8qCJm1STw7e6SFRUGH1LJrE9az9ZGoiJ5L8QhoLkkgVAKTnBQmx